label,model,lookback,RMSE,MAE,MAPE,R2
XGBoost-LB7,XGBoost,7,41.291147793216375,21.768433433798766,18.31628253554429,0.8637515533461121
XGBoost-LB30,XGBoost,30,42.4746347261108,22.281032423847886,18.63034340648066,0.8560010901682853
XGBoost-LB14,XGBoost,14,43.38223148771104,21.877995871296505,18.15803195049613,0.849989355231835
LSTM-LB7,LSTM,7,48.338351852708726,29.93500160551004,31.223189680457132,0.8132754910051204
LSTM-LB14,LSTM,14,48.48038931305185,27.71017417001114,26.248622164646157,0.8126600067351553
NLinear-LB30,NLinear,30,48.578097873966875,25.300050170899226,18.7224903163552,0.811643370749039
NLinear-LB14,NLinear,14,48.85859627502822,25.59092001139621,18.920663086456084,0.8097256383302369
NLinear-LB7,NLinear,7,49.20309200173808,25.6830645661108,18.788179503322418,0.8065349857416781
DLinear-LB7,DLinear,7,50.63400474064566,26.105680602869423,19.748700939445285,0.7951187548893613
DLinear-LB14,DLinear,14,52.179753890706905,26.450349779625917,20.0424756850314,0.7829787024951325
DLinear-LB30,DLinear,30,54.21361311271535,26.67676296381017,19.99161619957919,0.7654061605502209
LSTM-LB30,LSTM,30,55.39945605215073,34.161664315681705,33.79431708302344,0.7550311294058597
