city,method,period,n_windows,nonzero_per_window_mean,inputs_per_window,efficiency_max_abs_error,latency_ms,channel_share_pct,slow_share_of_channels_pct,imf1_4_share_pct,top3,PM2.5,PM10,NO,NO2,NOx,NH3,CO,SO2,O3,Benzene,Toluene,Xylene,IMF1,IMF2,IMF3,IMF4,IMF5+ (slow),spearman_rho_vs_cap_on,p_value_vs_cap_on
Delhi,cap_on,all,100,10.0,119,,9099.625039100647,11.003132674627105,95.08920041963769,0.540341793212296,"PM2.5, PM10, IMF5+ (slow)",0.004582282230566852,0.0017661443078208184,0.00011286406765976959,9.777498455267073e-05,0.0001266757774864461,0.0,3.934372035872781e-06,0.0,0.0001820612558889702,1.498046916340332e-07,1.5770900356761481e-06,0.0,0.0,1.7545811451242044e-07,2.045499089700735e-06,3.951107130329881e-05,0.0008080690644630352,,
Delhi,cap_on,pre_lockdown,73,10.0,119,,9099.625039100647,10.77855559398328,92.88710178492269,0.7666676884555511,"PM2.5, PM10, IMF5+ (slow)",0.004483254845741034,0.0016825135643662435,9.524273328623586e-05,6.749415629478296e-05,8.939640938949242e-05,0.0,5.389550734072303e-06,0.0,0.00022720834661641088,2.0521190634799068e-07,2.1603973091454084e-06,0.0,0.0,2.403535815238636e-07,2.8020535475352532e-06,5.412475520999837e-05,0.0007465440761808401,,
Delhi,cap_on,lockdown_unlock,27,10.0,119,,9099.625039100647,11.539299260156518,100.0,0.0,"PM2.5, PM10, IMF5+ (slow)",0.004850022937688516,0.001992257058642446,0.00016050693466969408,0.0001796453720647376,0.00022746814308191352,0.0,0.0,0.0,5.9996899477741536e-05,0.0,0.0,0.0,0.0,0.0,0.0,0.0,0.000974414403151932,,
Delhi,flat_nocap,all,100,119.0,119,1.4901161221603232e-08,9302.792844772339,14.563467018131739,68.07212865630667,4.6498050127303125,"PM2.5, PM10, IMF5+ (slow)",0.004879456148196724,0.0022240928790368667,0.00037808603906117083,0.00031484371503314465,0.00038329279934558205,0.00010201138849437856,0.00012138942883510268,0.00010320309523762511,0.0003993818028683062,0.00010361281130519938,0.00010348077873697598,0.00010027369094505553,0.00010330683904435452,0.00010741411224429696,0.0001189371568893352,0.00017175775394017733,0.0010690485660317197,0.9864552459291233,3.4336385937817056e-13
Delhi,flat_nocap,pre_lockdown,73,119.0,119,1.4901161221603232e-08,9302.792844772339,14.664397978461558,65.6634444936384,5.035249151548221,"PM2.5, PM10, IMF5+ (slow)",0.004753045130930644,0.0020842523175085754,0.0003497113239475866,0.00026975840152573165,0.00034280527769215503,9.954867350054837e-05,0.00012143309158536752,9.888542125101492e-05,0.00042862409919724147,0.00010285595308990133,0.00010354907106085315,9.751197903274535e-05,9.747212021866496e-05,0.00010771798786505657,0.00012165510972121959,0.00019546818312448063,0.000998845006566204,0.988921384043946,7.659479487686402e-14
Delhi,flat_nocap,lockdown_unlock,27,119.0,119,1.4901161221603232e-08,9302.792844772339,14.325459617077922,73.88648423195565,3.7408811559504698,"PM2.5, PM10, IMF5+ (slow)",0.005221234083767968,0.0026021803231689104,0.0004548028614053066,0.0004367410441457803,0.0004927590615937354,0.00010866984014436368,0.00012127137769549796,0.00011487680638660836,0.00032031929797896166,0.00010565913166507946,0.00010329613652797478,0.00010774054167093145,0.0001190821899434415,0.00010659252260298385,0.00011158861775127784,0.00010765177873817233,0.001258858189771814,0.8904491488885948,1.667043449419558e-06
Delhi,channel_nocap,all,100,17.0,17,1.4901161221603232e-08,8545.996632575989,14.64193001824,91.63315246888364,1.2250679602389,"PM2.5, PM10, IMF5+ (slow)",0.03141842400334412,0.009245656955856186,0.0007431582467536145,0.0013312238066482147,0.0011373163320192634,4.0766592815801814e-05,0.00015996956869966336,2.980312696769104e-05,0.0023139978679906177,2.50433468187642e-05,3.352609102194805e-05,2.4365472667339443e-05,3.633404422947799e-05,2.754650983946472e-05,0.00020871895935010965,0.0003948200212946912,0.007309533938283177,0.9174033787140846,2.1725699362086475e-07
Delhi,channel_nocap,pre_lockdown,73,17.0,17,1.4901161221603232e-08,8545.996632575989,13.758366251611616,88.16476772986904,1.6283346024535437,"PM2.5, PM10, IMF5+ (slow)",0.030258441883187853,0.009002452552269351,0.0008533617837218637,0.0010756110640454705,0.0009687914514044675,4.446485167323424e-05,0.00018799724902721074,2.9759657432875755e-05,0.0025895626377337574,2.347958282333454e-05,3.677806511984319e-05,2.2491641833139996e-05,3.863728373583079e-05,2.9209739895471532e-05,0.0002610027422004458,0.0005225581025215986,0.0063424337810588,0.9149372405992617,2.6892013367994337e-07
Delhi,channel_nocap,lockdown_unlock,27,17.0,17,1.4901161221603232e-08,8545.996632575989,16.70960829096385,98.3161750722466,0.28136054973319996,"PM2.5, IMF5+ (slow), PM10",0.03455467195784067,0.009903209602590947,0.00044520053569131057,0.0020223249255371164,0.0015929576759037127,3.076759664570672e-05,8.419102559185021e-05,2.9920655709969345e-05,0.0015689523794258338,2.927130132492589e-05,2.473371660912042e-05,2.9431756033878693e-05,3.010676704563527e-05,2.3049628576927798e-05,6.73591020140153e-05,4.945409797749684e-05,0.009924286215223154,0.8849610185410535,2.365953916152726e-06
Mumbai,cap_on,all,100,10.0,119,,8969.799485206604,9.314359133727933,99.92990373488487,0.006529017872153018,"PM2.5, PM10, O3",0.0017455813921530977,0.0007001843698850825,0.0001771875837571562,2.7517146153843683e-06,0.000155260350250355,0.0,2.7000657263184158e-05,0.0,0.0003882089312245878,0.0,0.0,0.0,0.0,0.0,2.3011232531005228e-07,0.0,0.0003280503244884432,,
Mumbai,cap_on,pre_lockdown,73,10.0,119,,8969.799485206604,9.101156786797738,99.89661834118778,0.009408926857292962,"PM2.5, PM10, O3",0.001669077278530306,0.0006684498145523106,0.00017293178185150878,3.769472075868998e-06,0.0001247072632529072,0.0,2.4675008838916514e-05,0.0,0.00038172586040088684,0.0,0.0,0.0,0.0,0.0,3.152223634384278e-07,0.0,0.0003045960811115793,,
Mumbai,cap_on,lockdown_unlock,27,10.0,119,,8969.799485206604,9.797708413401322,100.0,0.0,"PM2.5, PM10, O3",0.0019524258475036077,0.0007859852046736879,0.00018869401113168454,0.0,0.00023786684472493628,0.0,3.3288521521389276e-05,0.0,0.00040573723382200194,0.0,0.0,0.0,0.0,0.0,0.0,0.0,0.00039146364917403814,,
Mumbai,flat_nocap,all,100,105.0,119,1.4901161193847656e-08,9265.759301185608,14.0519353420372,73.76811034328053,3.686088173556764,"PM2.5, PM10, IMF5+ (slow)",0.0019326457327584797,0.0009713599668772111,0.00034627680265280123,0.00016113840702614823,0.00042009544476054745,4.53083676731161e-05,0.00014625664723893014,4.400379440359428e-05,0.0005634497085872072,4.346136223692923e-05,0.0,0.0,4.443760173469586e-05,4.420978772953617e-05,5.892463354460396e-05,5.288347660889096e-05,0.000563711711517133,0.9399446402755117,2.1271798533504547e-08
Mumbai,flat_nocap,pre_lockdown,73,105.0,119,1.4901161193847656e-08,9265.759301185608,13.683076162759042,73.37098677369418,3.643668161146605,"PM2.5, PM10, O3",0.0018405150030234173,0.0009147337663785267,0.00033138975452766113,0.00015177803484735074,0.0003683058567901936,4.010371385154222e-05,0.00013571663961121601,3.864700178055946e-05,0.0005442551244308733,3.797863696693309e-05,0.0,0.0,3.8484364765841094e-05,3.888750141189617e-05,5.709123658555434e-05,5.141717900630325e-05,0.000512156405470361,0.9425340194498245,1.5401062119961216e-08
Mumbai,flat_nocap,lockdown_unlock,27,105.0,119,1.4901161193847656e-08,9265.759301185608,14.853322617588622,74.56292824568087,3.77825033213653,"PM2.5, PM10, IMF5+ (slow)",0.002181739927968094,0.0011244604348921742,0.000386526969805957,0.00018644607995400788,0.0005601191455692817,5.93802094870012e-05,0.000174753704899047,5.8486974458466306e-05,0.000615346176861741,5.828502685580763e-05,0.0,0.0,6.0533390576414226e-05,5.8599672958710986e-05,6.388159569314541e-05,5.684791086773936e-05,0.0007031019834213662,0.8758936545068968,4.066841670980154e-06
Mumbai,channel_nocap,all,100,15.0,17,1.4901161193847656e-08,8533.661732673645,12.909923901775906,95.7931601443044,0.5430998240398812,"PM2.5, O3, IMF5+ (slow)",0.012638479288467225,0.0030673694957073128,0.00034348437917102836,0.000412671392076403,0.0013182061989469626,1.559031365956578e-05,0.0002619789975120809,1.5575630490701544e-05,0.0038857739843718127,9.46670314666853e-06,0.0,0.0,1.1461121225944003e-05,1.1758489107899281e-05,5.123082707957756e-05,6.254727076233712e-05,0.003119549079320277,0.9153455381195411,2.597035091150066e-07
Mumbai,channel_nocap,pre_lockdown,73,15.0,17,1.4901161193847656e-08,8533.661732673645,12.305228782322898,94.80084742687656,0.6397676188648658,"PM2.5, O3, PM10",0.011961958086992233,0.003081410559006847,0.00038237201083603906,0.0004038623384147644,0.0012106846568350972,1.1445486345378214e-05,0.00023910365440218704,1.4337155847353182e-05,0.0037102630779642727,8.458323153064825e-06,0.0,0.0,1.1899761512790032e-05,1.2202050231082853e-05,5.2487499103929044e-05,7.678821988110713e-05,0.002796671127619391,0.9205242964681665,1.6426055635705898e-07
Mumbai,channel_nocap,lockdown_unlock,27,15.0,17,1.4901161193847656e-08,8533.661732673645,14.280008302018889,97.73056617871488,0.3240753380883388,"PM2.5, O3, IMF5+ (slow)",0.014467592166529255,0.0030294066208604226,0.00023834374541007366,0.00043648846308750065,0.0016089125905827456,2.679669862014697e-05,0.00032382714740179357,1.8924098970865625e-05,0.004360303472066273,1.219306387011559e-05,0.0,0.0,1.0275167857804734e-05,1.055923125632888e-05,4.783315827299756e-05,2.4043963885662624e-05,0.003992515393178224,0.8498090472410174,1.5712294084653166e-05
Bengaluru,cap_on,all,100,10.0,119,,9030.292320251465,6.214806964276643,99.48171860383098,0.03221018830366182,"PM2.5, PM10, O3",0.0009307711576674606,0.0001963157832528315,0.0,6.0114570949489585e-06,1.0343532056617626e-05,0.0,3.3385013835062983e-07,0.0,0.0001448198929873101,0.0,0.0,0.0,0.0,0.0,4.4256356400702156e-07,0.0,8.494803067269998e-05,,
Bengaluru,cap_on,pre_lockdown,73,10.0,119,,9030.292320251465,5.92337896542495,99.21061299464483,0.046758383831005335,"PM2.5, PM10, O3",0.0008725702814597566,0.00017999130686249226,0.0,3.256159672546261e-06,1.4169221995366611e-05,0.0,4.573289566446984e-07,0.0,0.0001493174624764675,0.0,0.0,0.0,0.0,0.0,6.062514575438651e-07,0.0,7.619403198151518e-05,,
Bengaluru,cap_on,lockdown_unlock,27,10.0,119,,9030.292320251465,6.860038237277431,100.0,0.0,"PM2.5, PM10, O3",0.001088129082229032,0.00024045233053041518,0.0,1.34609649407044e-05,0.0,0.0,0.0,0.0,0.0001326597977018106,0.0,0.0,0.0,0.0,0.0,0.0,0.0,0.00010861624935627367,,
Bengaluru,flat_nocap,all,100,112.0,119,7.450580596923828e-09,9326.01508140564,10.07391976198198,78.73239849098961,2.142481111315776,"PM2.5, PM10, O3",0.0010068965799429276,0.0003091999017274656,1.5854219049203128e-05,6.414741446596016e-05,4.485387920091194e-05,7.93534324876079e-06,1.589130446840298e-05,7.018679912618223e-06,0.00020047216668849652,6.936426652855582e-06,7.5783554398357e-06,0.0,7.534527541975052e-06,7.3431058193099845e-06,1.6781780692742234e-05,8.52807582079792e-06,0.00014877359188044021,0.9208942712023885,1.5878556511894004e-07
Bengaluru,flat_nocap,pre_lockdown,73,112.0,119,7.450580596923828e-09,9326.01508140564,9.977053441101546,76.59025445377905,2.335602823572354,"PM2.5, PM10, O3",0.0009446550172725835,0.00028464680376652876,1.569917989319089e-05,4.815781804727502e-05,5.208373884063913e-05,7.817592751317451e-06,1.445250239894082e-05,6.965679988340211e-06,0.00020407154259808,6.640351657756511e-06,7.4935002600315266e-06,0.0,7.536571082175393e-06,7.403737071518165e-06,1.8174655671471306e-05,8.206463134725241e-06,0.00013519235392808987,0.9102787752807471,3.9561855880788356e-07
Bengaluru,flat_nocap,lockdown_unlock,27,112.0,119,7.450580596923828e-09,9326.01508140564,10.288054565468189,83.32471870629314,1.715562038441871,"PM2.5, PM10, O3",0.0011751793234590438,0.00037558420362185016,1.627339898953251e-05,0.00010737854552388656,2.5306480915723715e-05,8.2537057048113e-06,1.9781398952504376e-05,7.161976004184696e-06,0.00019074052071073398,7.736925713678996e-06,7.807778703750677e-06,0.0,7.5290024147667096e-06,7.179176878154532e-06,1.3015859453956295e-05,9.397621231290729e-06,0.00018549323523309115,0.8059217107893103,9.386549860652778e-05
Bengaluru,channel_nocap,all,100,16.0,17,7.450580596923828e-09,8544.345829486847,9.851448970023228,93.2167210230747,0.6682512669061093,"PM2.5, O3, IMF5+ (slow)",0.006566823542672029,0.00032714481855844273,1.4926463413225048e-05,0.00011908500472908974,3.4173411388678765e-05,1.6766705030694282e-05,4.472583662330084e-05,2.977809837304055e-06,0.0011133067450852597,1.92424571585685e-06,5.318859660188832e-06,0.0,4.1938990731585045e-06,4.157982958122403e-06,3.387098543724152e-05,1.8911604894272193e-05,0.0008401180423982225,0.9023171533395162,7.309597903006322e-07
Bengaluru,channel_nocap,pre_lockdown,73,16.0,17,7.450580596923828e-09,8544.345829486847,9.531060720900262,92.41300960855767,0.7231206610972376,"PM2.5, O3, IMF5+ (slow)",0.006054050290601572,0.000356289199898595,1.3901784007472991e-05,0.00013058564145294605,3.453527160244594e-05,1.542416259198282e-05,3.989736024053711e-05,3.012805267095343e-06,0.0011273958637581971,1.8353280644959966e-06,6.595809918624597e-06,0.0,4.413984910316235e-06,4.4074035741388626e-06,3.668917239618797e-05,1.6703351611545746e-05,0.0007577938808795056,0.8970094053786954,1.069911327330025e-06
Bengaluru,channel_nocap,lockdown_unlock,27,16.0,17,7.450580596923828e-09,8544.345829486847,10.553098176135173,94.80638324477658,0.5480874750709328,"PM2.5, O3, IMF5+ (slow)",0.007953210483455112,0.0002483470467869201,1.76968929176658e-05,8.799069062384848e-05,3.319504858849345e-05,2.0396541994617866e-05,5.778060610262499e-05,2.883192564164646e-06,0.0010752139427473181,2.1646526991658235e-06,1.86636451701066e-06,0.0,3.598852180102419e-06,3.4836235148186454e-06,2.6251442918608525e-05,2.4882067473495564e-05,0.0010626981828006795,0.7967980687803747,0.0001287621665918935
