city,method,period,n_windows,nonzero_per_window_mean,inputs_per_window,efficiency_max_abs_error,latency_ms,channel_share_pct,slow_share_of_channels_pct,imf1_4_share_pct,top3,PM2.5,PM10,NO,NO2,NOx,NH3,CO,SO2,O3,Benzene,Toluene,Xylene,IMF1,IMF2,IMF3,IMF4,IMF5+ (slow),model,spearman_rho_vs_main,p_value_vs_main
Delhi,flat_nocap,all,100,119.0,119,1.4901161221603232e-08,9302.792844772339,14.563467018131739,68.07212865630667,4.6498050127303125,"PM2.5, PM10, IMF5+ (slow)",0.004879456148196724,0.0022240928790368667,0.00037808603906117083,0.00031484371503314465,0.00038329279934558205,0.00010201138849437856,0.00012138942883510268,0.00010320309523762511,0.0003993818028683062,0.00010361281130519938,0.00010348077873697598,0.00010027369094505553,0.00010330683904435452,0.00010741411224429696,0.0001189371568893352,0.00017175775394017733,0.0010690485660317197,main,,
Delhi,flat_nocap,pre_lockdown,73,119.0,119,1.4901161221603232e-08,9302.792844772339,14.664397978461558,65.6634444936384,5.035249151548221,"PM2.5, PM10, IMF5+ (slow)",0.004753045130930644,0.0020842523175085754,0.0003497113239475866,0.00026975840152573165,0.00034280527769215503,9.954867350054837e-05,0.00012143309158536752,9.888542125101492e-05,0.00042862409919724147,0.00010285595308990133,0.00010354907106085315,9.751197903274535e-05,9.747212021866496e-05,0.00010771798786505657,0.00012165510972121959,0.00019546818312448063,0.000998845006566204,main,,
Delhi,flat_nocap,lockdown_unlock,27,119.0,119,1.4901161221603232e-08,9302.792844772339,14.325459617077922,73.88648423195565,3.7408811559504698,"PM2.5, PM10, IMF5+ (slow)",0.005221234083767968,0.0026021803231689104,0.0004548028614053066,0.0004367410441457803,0.0004927590615937354,0.00010866984014436368,0.00012127137769549796,0.00011487680638660836,0.00032031929797896166,0.00010565913166507946,0.00010329613652797478,0.00010774054167093145,0.0001190821899434415,0.00010659252260298385,0.00011158861775127784,0.00010765177873817233,0.001258858189771814,main,,
Delhi,flat_nocap,all,100,119.0,119,2.9802322387695312e-08,9453.178198337555,19.285287457717303,71.94586024723561,5.410321495110352,"PM2.5, PM10, IMF5+ (slow)",0.004630575272621408,0.003286053537237885,0.00042329243049477766,0.00011796375737292671,0.00036028970759509007,0.00010786972793563207,0.0001479692313666859,0.0001058912167475137,0.00025478036170024736,0.00010522355111367186,0.00010357507900651327,0.00010172277390518206,0.00010245597124709995,0.00013760834565043175,0.00010859750454148665,0.00030456110826495664,0.0016752139265343567,ext_ar,0.9215686274509804,1.492081879812723e-07
Delhi,flat_nocap,pre_lockdown,73,119.0,119,2.9802322387695312e-08,9453.178198337555,18.598657063159365,68.05225094745748,5.9418522856811276,"PM2.5, PM10, IMF5+ (slow)",0.004520273958333321,0.0030473343379642313,0.0003961638598928916,0.00011342882958443874,0.0003068510055597812,0.00010394353192802504,0.00015023517600056037,9.704982717239048e-05,0.0002612064644498005,0.00010282625604207623,0.00010041048292493509,9.667153751163412e-05,9.645671590168038e-05,0.00013907730564728738,0.00010607940337130811,0.00033697252311305786,0.0014454633767479045,ext_ar,0.9411764705882353,1.8275574906300595e-08
Delhi,flat_nocap,lockdown_unlock,27,119.0,119,2.9802322387695312e-08,9453.178198337555,20.81721583383548,79.70702224993299,4.224432977343661,"PM2.5, PM10, IMF5+ (slow)",0.004928797344585498,0.003931479520459239,0.0004966400473072836,0.00013022485843069043,0.0005047721242090729,0.00011848499862286565,0.00014184278846769192,0.00012979571448766205,0.00023740608389589987,0.00011170512667761541,0.00011213120915300262,0.00011537982045070036,0.00011867618014397519,0.00013363671306634113,0.00011540570400159931,0.00021693024589786893,0.0022963913389199525,ext_ar,0.8431372549019609,2.1328100245193365e-05
Delhi,channel_nocap,all,100,17.0,17,1.4901161221603232e-08,8545.996632575989,14.64193001824,91.63315246888364,1.2250679602389,"PM2.5, PM10, IMF5+ (slow)",0.03141842400334412,0.009245656955856186,0.0007431582467536145,0.0013312238066482147,0.0011373163320192634,4.0766592815801814e-05,0.00015996956869966336,2.980312696769104e-05,0.0023139978679906177,2.50433468187642e-05,3.352609102194805e-05,2.4365472667339443e-05,3.633404422947799e-05,2.754650983946472e-05,0.00020871895935010965,0.0003948200212946912,0.007309533938283177,main,,
Delhi,channel_nocap,pre_lockdown,73,17.0,17,1.4901161221603232e-08,8545.996632575989,13.758366251611616,88.16476772986904,1.6283346024535437,"PM2.5, PM10, IMF5+ (slow)",0.030258441883187853,0.009002452552269351,0.0008533617837218637,0.0010756110640454705,0.0009687914514044675,4.446485167323424e-05,0.00018799724902721074,2.9759657432875755e-05,0.0025895626377337574,2.347958282333454e-05,3.677806511984319e-05,2.2491641833139996e-05,3.863728373583079e-05,2.9209739895471532e-05,0.0002610027422004458,0.0005225581025215986,0.0063424337810588,main,,
Delhi,channel_nocap,lockdown_unlock,27,17.0,17,1.4901161221603232e-08,8545.996632575989,16.70960829096385,98.3161750722466,0.28136054973319996,"PM2.5, IMF5+ (slow), PM10",0.03455467195784067,0.009903209602590947,0.00044520053569131057,0.0020223249255371164,0.0015929576759037127,3.076759664570672e-05,8.419102559185021e-05,2.9920655709969345e-05,0.0015689523794258338,2.927130132492589e-05,2.473371660912042e-05,2.9431756033878693e-05,3.010676704563527e-05,2.3049628576927798e-05,6.73591020140153e-05,4.945409797749684e-05,0.009924286215223154,main,,
Delhi,channel_nocap,all,100,17.0,17,2.9802322387695312e-08,8633.749206066132,23.983190116992102,86.37833470364139,3.2669098851260223,"PM2.5, IMF5+ (slow), PM10",0.02868701690290869,0.01140051711380758,0.0010262421937899488,0.00016744663679505624,0.0012141314529371511,0.00017128094750919133,0.0002545306264620732,4.2969750434648824e-05,0.0008723367767135627,3.476194666189021e-05,9.2246388725217e-05,3.6167679690014627e-05,5.2159536226710455e-05,0.0002619609229264455,4.748489819222426e-05,0.001529330168296193,0.011990887911519699,ext_ar,0.8210784313725491,5.346351701144889e-05
Delhi,channel_nocap,pre_lockdown,73,17.0,17,2.9802322387695312e-08,8633.749206066132,22.44441467382644,82.54377879882661,3.917946672771765,"PM2.5, PM10, IMF5+ (slow)",0.027923017362820185,0.011135421182434423,0.0011917532340244578,0.0001493083460123676,0.001033618808317411,0.00014976897889768353,0.00029553910351194353,3.7986931629347654e-05,0.0008770265301328454,2.9400077500489295e-05,9.624733271117964e-05,3.0037130793391024e-05,5.2409304374152346e-05,0.00029157344191292557,4.734062714326263e-05,0.0017783769873897242,0.010259681323883944,ext_ar,0.8333333333333335,3.261049385399229e-05
Delhi,channel_nocap,lockdown_unlock,27,17.0,17,2.9802322387695312e-08,8633.749206066132,27.547007689374123,93.61417787617107,1.7591029114809096,"PM2.5, IMF5+ (slow), PM10",0.03075264528907389,0.01211725796529797,0.0005787493813040542,0.00021648720076306634,0.0017021841587608916,0.00022944293671808277,0.00014365585517909076,5.64418160934261e-05,0.0008596570730243909,4.9258852172344526e-05,8.142902165205874e-05,5.2742867447552534e-05,5.148423716140463e-05,0.0001818974456667033,4.7874964361639036e-05,0.0008559813611173876,0.01667155757438674,ext_ar,0.7549019607843138,0.0004602984125426377
Mumbai,flat_nocap,all,100,105.0,119,1.4901161193847656e-08,9265.759301185608,14.0519353420372,73.76811034328053,3.686088173556764,"PM2.5, PM10, IMF5+ (slow)",0.0019326457327584797,0.0009713599668772111,0.00034627680265280123,0.00016113840702614823,0.00042009544476054745,4.53083676731161e-05,0.00014625664723893014,4.400379440359428e-05,0.0005634497085872072,4.346136223692923e-05,0.0,0.0,4.443760173469586e-05,4.420978772953617e-05,5.892463354460396e-05,5.288347660889096e-05,0.000563711711517133,main,,
Mumbai,flat_nocap,pre_lockdown,73,105.0,119,1.4901161193847656e-08,9265.759301185608,13.683076162759042,73.37098677369418,3.643668161146605,"PM2.5, PM10, O3",0.0018405150030234173,0.0009147337663785267,0.00033138975452766113,0.00015177803484735074,0.0003683058567901936,4.010371385154222e-05,0.00013571663961121601,3.864700178055946e-05,0.0005442551244308733,3.797863696693309e-05,0.0,0.0,3.8484364765841094e-05,3.888750141189617e-05,5.709123658555434e-05,5.141717900630325e-05,0.000512156405470361,main,,
Mumbai,flat_nocap,lockdown_unlock,27,105.0,119,1.4901161193847656e-08,9265.759301185608,14.853322617588622,74.56292824568087,3.77825033213653,"PM2.5, PM10, IMF5+ (slow)",0.002181739927968094,0.0011244604348921742,0.000386526969805957,0.00018644607995400788,0.0005601191455692817,5.93802094870012e-05,0.000174753704899047,5.8486974458466306e-05,0.000615346176861741,5.828502685580763e-05,0.0,0.0,6.0533390576414226e-05,5.8599672958710986e-05,6.388159569314541e-05,5.684791086773936e-05,0.0007031019834213662,main,,
Mumbai,flat_nocap,all,100,105.0,119,1.4901161193847656e-08,9357.804975509644,14.114249454511588,71.75192814786102,3.9870033273005663,"PM10, PM2.5, IMF5+ (slow)",0.0017741950413311211,0.0019654338159559625,0.0004878716612846014,5.522725294249225e-05,0.0006020320910141875,3.9124215439414484e-05,0.0003218554784513333,3.8218679693617455e-05,0.00042548797224213,3.527087148726227e-05,0.0,0.0,4.0520791064030895e-05,6.12701263061425e-05,3.762210766459789e-05,0.00012726923559937175,0.0006773901774071444,ext_ar,0.9190184049079755,1.8824975068689721e-07
Mumbai,flat_nocap,pre_lockdown,73,105.0,119,1.4901161193847656e-08,9357.804975509644,13.833898805364235,68.67143892901689,4.333961435736537,"PM10, PM2.5, IMF5+ (slow)",0.0016767966355026964,0.001825812328247935,0.0004703451828247823,4.526480804581897e-05,0.0005134903825804893,3.285581434094589e-05,0.00029246257168560896,3.3123732996408695e-05,0.0004117773966578774,2.9688482783729845e-05,0.0,0.0,3.432606202540327e-05,6.277844514500547e-05,3.072382544450687e-05,0.0001403400491792999,0.000587818527999086,ext_ar,0.9067484662576688,5.228977171734036e-07
Mumbai,flat_nocap,lockdown_unlock,27,105.0,119,1.4901161193847656e-08,9357.804975509644,14.697317772081325,77.78229983478064,3.265405994930525,"PM10, PM2.5, IMF5+ (slow)",0.00203753147190427,0.002342928949388776,0.0005352580660092961,8.21627521075718e-05,0.0008414226360386289,5.6072114705644385e-05,0.00040132518933643944,5.1993905949033675e-05,0.0004625573062291844,5.0363996500516624e-05,0.0,0.0,5.7269502909209336e-05,5.71920790751426e-05,5.627301885225144e-05,9.192962851289924e-05,0.0009195653776585611,ext_ar,0.9042944785276074,6.307344365253314e-07
Mumbai,channel_nocap,all,100,15.0,17,1.4901161193847656e-08,8533.661732673645,12.909923901775906,95.7931601443044,0.5430998240398812,"PM2.5, O3, IMF5+ (slow)",0.012638479288467225,0.0030673694957073128,0.00034348437917102836,0.000412671392076403,0.0013182061989469626,1.559031365956578e-05,0.0002619789975120809,1.5575630490701544e-05,0.0038857739843718127,9.46670314666853e-06,0.0,0.0,1.1461121225944003e-05,1.1758489107899281e-05,5.123082707957756e-05,6.254727076233712e-05,0.003119549079320277,main,,
Mumbai,channel_nocap,pre_lockdown,73,15.0,17,1.4901161193847656e-08,8533.661732673645,12.305228782322898,94.80084742687656,0.6397676188648658,"PM2.5, O3, PM10",0.011961958086992233,0.003081410559006847,0.00038237201083603906,0.0004038623384147644,0.0012106846568350972,1.1445486345378214e-05,0.00023910365440218704,1.4337155847353182e-05,0.0037102630779642727,8.458323153064825e-06,0.0,0.0,1.1899761512790032e-05,1.2202050231082853e-05,5.2487499103929044e-05,7.678821988110713e-05,0.002796671127619391,main,,
Mumbai,channel_nocap,lockdown_unlock,27,15.0,17,1.4901161193847656e-08,8533.661732673645,14.280008302018889,97.73056617871488,0.3240753380883388,"PM2.5, O3, IMF5+ (slow)",0.014467592166529255,0.0030294066208604226,0.00023834374541007366,0.00043648846308750065,0.0016089125905827456,2.679669862014697e-05,0.00032382714740179357,1.8924098970865625e-05,0.004360303472066273,1.219306387011559e-05,0.0,0.0,1.0275167857804734e-05,1.055923125632888e-05,4.783315827299756e-05,2.4043963885662624e-05,0.003992515393178224,main,,
Mumbai,channel_nocap,all,100,15.0,17,1.4901161193847656e-08,8610.850038528442,17.65720240023005,85.6326264832942,2.5368762214417937,"PM2.5, PM10, IMF5+ (slow)",0.011739505997334428,0.006782042464428548,0.0015381805674603516,5.796817725766104e-05,0.0025456526678796737,1.0260386081693755e-05,0.00025447008913417066,1.1876726123057108e-05,0.0024004922669416113,1.1014904106577874e-05,0.0,0.0,1.6312752941414396e-05,0.00018475891098763237,9.806949734363039e-06,0.0005701675579629708,0.00465520263695517,ext_ar,0.879754601226994,3.2461914185757e-06
Mumbai,channel_nocap,pre_lockdown,73,15.0,17,1.4901161193847656e-08,8610.850038528442,17.19712651753861,81.76624094652057,3.1356826133300073,"PM2.5, PM10, IMF5+ (slow)",0.010918107050428944,0.006497263491767447,0.001494323079677322,5.755205047822201e-05,0.0021624589932429717,9.983144723834732e-06,0.0002766245554181242,1.1502514813616812e-05,0.002291194831878965,1.0511316448295127e-05,0.0,0.0,1.758779523553421e-05,0.0002216575078161559,9.417929196975048e-06,0.0006499559023718415,0.004029707119910256,ext_ar,0.9141104294478528,2.884455862484787e-07
Mumbai,channel_nocap,lockdown_unlock,27,15.0,17,1.4901161193847656e-08,8610.850038528442,18.63261741745335,93.1982921708831,1.2673361976523254,"PM2.5, PM10, IMF5+ (slow)",0.01396032537230112,0.007552000427549294,0.0016567582196144676,5.9093260772440694e-05,0.003581694825230755,1.1009964567757034e-05,0.0001945709765886665,1.2888482626358631e-05,0.0026960001469258053,1.2376455923416401e-05,0.0,0.0,1.2865416368423783e-05,8.499603808088385e-05,1.0858746002115769e-05,0.00035444351567231997,0.006346357183039575,ext_ar,0.830674846625767,3.642096757418247e-05
Bengaluru,flat_nocap,all,100,112.0,119,7.450580596923828e-09,9326.01508140564,10.07391976198198,78.73239849098961,2.142481111315776,"PM2.5, PM10, O3",0.0010068965799429276,0.0003091999017274656,1.5854219049203128e-05,6.414741446596016e-05,4.485387920091194e-05,7.93534324876079e-06,1.589130446840298e-05,7.018679912618223e-06,0.00020047216668849652,6.936426652855582e-06,7.5783554398357e-06,0.0,7.534527541975052e-06,7.3431058193099845e-06,1.6781780692742234e-05,8.52807582079792e-06,0.00014877359188044021,main,,
Bengaluru,flat_nocap,pre_lockdown,73,112.0,119,7.450580596923828e-09,9326.01508140564,9.977053441101546,76.59025445377905,2.335602823572354,"PM2.5, PM10, O3",0.0009446550172725835,0.00028464680376652876,1.569917989319089e-05,4.815781804727502e-05,5.208373884063913e-05,7.817592751317451e-06,1.445250239894082e-05,6.965679988340211e-06,0.00020407154259808,6.640351657756511e-06,7.4935002600315266e-06,0.0,7.536571082175393e-06,7.403737071518165e-06,1.8174655671471306e-05,8.206463134725241e-06,0.00013519235392808987,main,,
Bengaluru,flat_nocap,lockdown_unlock,27,112.0,119,7.450580596923828e-09,9326.01508140564,10.288054565468189,83.32471870629314,1.715562038441871,"PM2.5, PM10, O3",0.0011751793234590438,0.00037558420362185016,1.627339898953251e-05,0.00010737854552388656,2.5306480915723715e-05,8.2537057048113e-06,1.9781398952504376e-05,7.161976004184696e-06,0.00019074052071073398,7.736925713678996e-06,7.807778703750677e-06,0.0,7.5290024147667096e-06,7.179176878154532e-06,1.3015859453956295e-05,9.397621231290729e-06,0.00018549323523309115,main,,
Bengaluru,flat_nocap,all,100,112.0,119,2.9802322387695312e-08,9412.024140357971,12.075310444045606,65.17822521132445,4.204837407858979,"PM2.5, PM10, IMF5+ (slow)",0.001143879638465738,0.00040970715425999804,2.1174777990574833e-05,1.7421232300058148e-05,8.457808397839881e-05,1.0547266179588849e-05,3.487682364825625e-05,9.806769202925453e-06,0.00014361808992223392,1.011353055754627e-05,1.0631781158793924e-05,0.0,1.0232608608905031e-05,2.1480025669026435e-05,9.711399840475336e-06,4.9265681179473284e-05,0.00016974995455884827,ext_ar,0.7941176470588236,0.00014087555462921763
Bengaluru,flat_nocap,pre_lockdown,73,112.0,119,2.9802322387695312e-08,9412.024140357971,11.402877509069993,62.71821628997058,4.251196129651065,"PM2.5, PM10, O3",0.0010756521390940335,0.00039091733491865077,2.0282920385857006e-05,1.57547547296518e-05,9.593440160386515e-05,1.0335471468594224e-05,3.1205198883582695e-05,9.223980546294955e-06,0.0001510086393174223,9.654223677427553e-06,1.0493972452765112e-05,0.0,1.0320266146662857e-05,2.262038461411164e-05,9.481517707615295e-06,4.492993958897646e-05,0.00014695027601517235,ext_ar,0.8186274509803922,5.876012799925565e-05
Bengaluru,flat_nocap,lockdown_unlock,27,112.0,119,2.9802322387695312e-08,9412.024140357971,13.610953647018288,69.88478880959211,4.098967435828082,"PM2.5, PM10, IMF5+ (slow)",0.001328346581211458,0.0004605092584051224,2.3586096699626782e-05,2.1926893879305024e-05,5.3873965953989875e-05,1.111989632412988e-05,4.480380912311448e-05,1.1382457052333808e-05,0.00012363623415005795,1.135536027045988e-05,1.1004375067686632e-05,0.0,9.995608599411628e-06,1.8396832965647908e-05,1.033293301450433e-05,6.098824177600182e-05,0.00023139352988063886,ext_ar,0.8259803921568629,4.407027914063439e-05
Bengaluru,channel_nocap,all,100,16.0,17,7.450580596923828e-09,8544.345829486847,9.851448970023228,93.2167210230747,0.6682512669061093,"PM2.5, O3, IMF5+ (slow)",0.006566823542672029,0.00032714481855844273,1.4926463413225048e-05,0.00011908500472908974,3.4173411388678765e-05,1.6766705030694282e-05,4.472583662330084e-05,2.977809837304055e-06,0.0011133067450852597,1.92424571585685e-06,5.318859660188832e-06,0.0,4.1938990731585045e-06,4.157982958122403e-06,3.387098543724152e-05,1.8911604894272193e-05,0.0008401180423982225,main,,
Bengaluru,channel_nocap,pre_lockdown,73,16.0,17,7.450580596923828e-09,8544.345829486847,9.531060720900262,92.41300960855767,0.7231206610972376,"PM2.5, O3, IMF5+ (slow)",0.006054050290601572,0.000356289199898595,1.3901784007472991e-05,0.00013058564145294605,3.453527160244594e-05,1.542416259198282e-05,3.989736024053711e-05,3.012805267095343e-06,0.0011273958637581971,1.8353280644959966e-06,6.595809918624597e-06,0.0,4.413984910316235e-06,4.4074035741388626e-06,3.668917239618797e-05,1.6703351611545746e-05,0.0007577938808795056,main,,
Bengaluru,channel_nocap,lockdown_unlock,27,16.0,17,7.450580596923828e-09,8544.345829486847,10.553098176135173,94.80638324477658,0.5480874750709328,"PM2.5, O3, IMF5+ (slow)",0.007953210483455112,0.0002483470467869201,1.76968929176658e-05,8.799069062384848e-05,3.319504858849345e-05,2.0396541994617866e-05,5.778060610262499e-05,2.883192564164646e-06,0.0010752139427473181,2.1646526991658235e-06,1.86636451701066e-06,0.0,3.598852180102419e-06,3.4836235148186454e-06,2.6251442918608525e-05,2.4882067473495564e-05,0.0010626981828006795,main,,
Bengaluru,channel_nocap,all,100,16.0,17,2.9802322387695312e-08,8606.048936843872,14.525152054869393,77.8521737775884,3.217005435653519,"PM2.5, IMF5+ (slow), PM10",0.00682447868068279,0.0010973861861005199,1.4836489548275166e-05,2.6914613169840596e-05,0.00016873022818097994,1.0310497440716647e-05,6.309248581554949e-05,5.626763325001739e-06,0.000782948718267561,4.35636787059361e-06,8.301672215186088e-06,0.0,5.984521599340596e-06,8.558274212364336e-05,3.922024923405117e-06,0.0002435053163133834,0.001191605290287467,ext_ar,0.8039215686274511,0.0001007394030010668
Bengaluru,channel_nocap,pre_lockdown,73,16.0,17,2.9802322387695312e-08,8606.048936843872,13.713032702656355,76.30351005892746,3.24950741500095,"PM2.5, PM10, IMF5+ (slow)",0.006276130180651778,0.0010696818188179822,1.7083495399893266e-05,3.254855931214144e-05,0.00018397377422334663,9.560769895968368e-06,6.383824774420431e-05,5.739433209570583e-06,0.0008334819721291312,4.105170805288666e-06,9.762534999568995e-06,0.0,5.671858793119934e-06,9.73298586566866e-05,3.994099760913118e-06,0.00021333070885594515,0.0010314623965258362,ext_ar,0.7671568627450981,0.0003257216584351613
Bengaluru,channel_nocap,lockdown_unlock,27,16.0,17,2.9802322387695312e-08,8606.048936843872,16.274117105368305,80.66248534200595,3.147009780709714,"PM2.5, IMF5+ (slow), PM10",0.008307050551137011,0.0011722905865310838,8.7612515050114e-06,1.1682092118434616e-05,0.00012751619628865508,1.233753858022126e-05,6.107616652696413e-05,5.322137340797083e-06,0.0006463217726418361,5.035530306418081e-06,4.351932094447115e-06,0.0,6.8298691865297965e-06,5.3822019645415185e-05,3.727155918290896e-06,0.0003250885142538648,0.0016245842252726158,ext_ar,0.8259803921568629,4.407027914063439e-05
