run,city,lookback,period,n_windows,missing_test_dates,missing_background_dates,non_pollutant_share_pct,PM2.5,PM10,NO,NO2,NOx,NH3,CO,SO2,O3,Benzene,Toluene,Xylene,IMF1,IMF2,IMF3,IMF4,IMF5+ (slow)
v2,Delhi,30,all,100,0,0,11.553530553888157,0.0011959834528461506,0.0006411650443466141,3.760605433944063e-05,2.5572343725226133e-07,1.6155763965269484e-05,0.0,0.0,0.0,2.1992298927315337e-05,0.0,1.6112941266508325e-07,0.0,0.0,1.510700310500905e-07,4.663992843598419e-08,1.30558746714829e-06,0.000248428611251481
v2,Delhi,30,pre_lockdown,73,0,0,10.023131812496095,0.0011837155172988827,0.0006105422014331804,3.204855692903343e-05,3.503060784277552e-07,1.55869534770608e-05,0.0,0.0,0.0,2.1202993319853736e-05,0.0,2.2072522282888116e-07,0.0,0.0,2.069452480138226e-07,6.389031292600574e-08,1.788475982394918e-06,0.00020554718683061084
v2,Delhi,30,lockdown_unlock,27,0,0,15.106865988203651,0.001229152315622096,0.0007239601381496011,5.263188067128235e-05,0.0,1.7693658988944808e-05,0.0,0.0,0.0,2.4126347421563363e-05,0.0,0.0,0.0,0.0,0.0,0.0,0.0,0.0003643672772782776
v2,Mumbai,30,all,100,0,13,6.682676533962552,0.0003416144205542218,0.0003776039815434269,4.450537765678675e-05,5.5908775482484994e-08,8.817241391765933e-05,2.5318779669882183e-07,0.0,1.4898058580167392e-07,5.2700361303737674e-05,0.0,0.0,0.0,0.0,3.0423673687991295e-08,0.0,0.0,6.478270134394043e-05
v2,Mumbai,30,pre_lockdown,73,0,13,6.032448073621315,0.00032630249379505426,0.0003730222035313981,4.156978734163518e-05,7.658736367463698e-08,7.918748091484103e-05,1.4614474722033177e-07,0.0,2.0408299424886838e-07,4.780969309519182e-05,0.0,0.0,0.0,0.0,4.1676265326015474e-08,0.0,0.0,5.570188624194848e-05
v2,Mumbai,30,lockdown_unlock,27,0,13,8.168006293161792,0.0003830133336438227,0.0003899917517240977,5.244234406441881e-05,0.0,0.00011246501055490876,5.426004860295541e-07,0.0,0.0,6.592327905276905e-05,0.0,0.0,0.0,0.0,0.0,0.0,0.0,8.933453476784449e-05
v2,Bengaluru,30,all,100,0,1,5.865516419404592,0.00015783849209877798,9.031553525363829e-05,0.0,5.0939124823565393e-08,6.40897172861382e-09,1.2984936508767841e-08,0.0,0.0,1.6993397965746849e-06,0.0,0.0,0.0,0.0,2.4229069132311104e-07,0.0,0.0,1.5330446431742797e-05
v2,Bengaluru,30,pre_lockdown,73,0,1,5.4210373742094085,0.00014630302450036704,8.602989831897445e-05,0.0,0.0,8.779413326868246e-09,1.7787584258586083e-08,0.0,0.0,1.5010895198459967e-06,0.0,0.0,0.0,0.0,2.657772712704628e-07,0.0,0.0,1.3138545484466821e-05
v2,Bengaluru,30,lockdown_unlock,27,0,1,6.80947549672611,0.00018902697856855547,0.00010190262770661839,0.0,1.886634252724644e-07,0.0,0.0,0.0,0.0,2.2353498040263235e-06,0.0,0.0,0.0,0.0,1.78789938132123e-07,0.0,0.0,2.125669714104452e-05
