run,city,lookback,period,n_windows,missing_test_dates,missing_background_dates,non_pollutant_share_pct,PM2.5,PM10,NO,NO2,NOx,NH3,CO,SO2,O3,Benzene,Toluene,Xylene,AQI_lag
ablation13ch,Delhi,7,all,100,0,0,36.17914504042369,0.004461701612512321,0.0019604978047434597,1.6419941808503903e-05,0.0,1.6981632076259234e-05,0.0,9.184779361271993e-06,0.0,9.512435554742362e-05,0.0,0.0,0.0,0.003718720785749483
ablation13ch,Delhi,7,pre_lockdown,73,0,0,35.071693461334995,0.0043411261342171945,0.0018436747100593488,2.249307097055329e-05,0.0,1.6242865513590605e-05,0.0,1.2581889535989033e-05,0.0,0.00011741937551020267,0.0,0.0,0.0,0.0034319290093415993
ablation13ch,Delhi,7,lockdown_unlock,27,0,0,38.7023839902184,0.004787701979754716,0.002276352838519017,0.0,0.0,1.8979037967918867e-05,0.0,0.0,0.0,3.484522749990989e-05,0.0,0.0,0.0,0.004494120773815252
ablation13ch,Mumbai,7,all,100,0,0,32.57579288421921,0.001740676176352057,0.0011198470033042427,4.578610760347895e-05,0.0,0.00015005264224641175,0.0,9.754804205501051e-05,0.0,0.00035238776393426915,0.0,0.0,0.0,0.001694056685394432
ablation13ch,Mumbai,7,pre_lockdown,73,0,0,31.244138370987866,0.0017241824096359945,0.0010200013727762682,5.167346970338219e-05,0.0,0.00011229716216648391,0.0,0.00010600331327998485,0.0,0.00036072190059112776,0.0,0.0,0.0,0.0015336176958468141
ablation13ch,Mumbai,7,lockdown_unlock,27,0,0,35.526406280310226,0.001785270434510299,0.0013898000043613577,2.986842488892573e-05,0.0,0.0002521322735736241,0.0,7.46874939282281e-05,0.0,0.00032985472778794745,0.0,0.0,0.0,0.0021278361756528045
ablation13ch,Bengaluru,7,all,100,0,0,27.96733458866293,0.0010136782342403947,0.00033188676731132005,6.49828698062131e-07,3.9394698515967924e-07,4.620584958402063e-06,0.0,7.757543575091174e-07,0.0,0.00010102075060978405,0.0,9.18728461928364e-07,0.0,0.0005645071544548803
ablation13ch,Bengaluru,7,pre_lockdown,73,0,0,26.717169301546345,0.000946643034454334,0.00031111593479506334,8.901762987152478e-07,2.504925447532189e-07,6.037091222772906e-06,0.0,1.062677202067284e-06,0.0,0.0001090225512772643,0.0,1.258532139627896e-06,0.0,0.0005017589864575701
ablation13ch,Bengaluru,7,lockdown_unlock,27,0,0,30.61441228007461,0.001194921552180486,0.0003880449441145326,0.0,7.818052869993682e-07,7.907717251031185e-07,0.0,0.0,0.0,7.938625250881884e-05,0.0,0.0,0.0,0.0007341596086698311
