model,lookback,r2,rmse,mae,mape,train_time_s,n_pre,r2_pre,rmse_pre,mae_pre,mape_pre,n_lock,r2_lock,rmse_lock,mae_lock,mape_lock
CEEMDAN+LSTM,7,0.8236174532637058,47.286305221451364,26.963221247069015,19.599165722319217,120.98,4502,0.8286598195620921,52.08909054681906,29.308239368611893,19.10889971860559,1669,0.3986299257623823,30.798893636891677,20.637714007293077,20.92162081442151
CEEMDAN+LSTM,14,0.8154501000018185,48.527964710934626,26.98646573375836,21.7879258779633,123.21,4407,0.8132413300166421,54.537479579284025,30.2096128161587,21.613917714590528,1633,0.5665516656077831,26.142912901959477,18.288113503422604,22.25752414862086
CEEMDAN+LSTM,21,0.7355738755054639,58.05685286737549,29.46653754417116,21.661093809127454,75.1,4314,0.7289740656813524,65.66387742365788,33.16032809320358,21.72852171340977,1607,0.45232825385890885,29.053141814927613,19.55053727750915,21.480083243431178
CEEMDAN+LSTM,30,0.7864589647880398,51.25902487234508,32.07376001005777,31.248939481300525,123.8,4221,0.786320990589325,57.184696513032364,35.296851245712794,30.613990473760627,1571,0.4059822774173585,30.015490525800864,23.413882157925464,32.954935509833895
CEEMDAN+iTransformer-v2,7,0.832634,46.0619,27.9804,27.44809913635254,295.67,4502,0.8565274317792094,47.66521934602571,28.251853675960913,24.58948000261173,1669,-0.08811435562718306,41.42871722814694,27.24820154966031,35.15890272891425
CEEMDAN+iTransformer-v2,14,0.784086,52.4899,36.1742,40.23640060424805,176.78,4407,0.8246663566378672,52.84297996179222,35.11077559375698,34.85301833992052,1633,-0.6836951319139613,51.52488626072662,39.04412433463083,54.764529864932875
CEEMDAN+iTransformer-v2,21,0.785205,52.3255,29.7378,26.291200637817383,161.79,4314,0.8074482388784486,55.3470963184082,31.170868235602665,24.362889385803868,1607,-0.20979327208619392,43.18058534546516,25.89088382495436,31.467866565448162
CEEMDAN+iTransformer-v2,30,0.794007,50.345,32.3985,32.433799743652344,200.82,4221,0.8301358592113425,50.98585877608467,32.33284827482923,28.682644045050193,1571,-0.5561334583455131,48.581304396727525,32.57481569305944,42.51261896463934
LSTM,7,0.840314362517259,44.99253932042656,27.65184163668615,26.826427735768014,23.02,4502,0.8452039614585267,49.510474216651936,29.453889998474526,24.904428387823383,1669,0.4467682781047474,29.540493532442078,22.790953844732122,32.01087414945689
LSTM,14,0.851856477551725,43.47869530510648,27.210105930101005,26.39469278806924,36.56,4407,0.8558193579587112,47.91904505705736,29.320206545420127,25.171685493734824,1633,0.49570814066378377,28.19851808976848,21.515547809028508,29.695239723851103
LSTM,21,0.858986147650401,42.39671411611306,24.308311052005088,21.029654726801862,28.87,4314,0.8625661790491159,46.759290135715545,26.166600836168907,19.880863632646665,1607,0.5112045613824212,27.44710273510419,19.319722297255417,24.113590495430063
LSTM,30,0.8704452269414923,39.926052837530456,23.678845362768648,21.445146182098167,44.3,4221,0.8738164185169869,43.94407373072577,25.48065086677441,20.284896286219762,1571,0.5459452605491188,26.242176405700064,18.83771166931968,24.56253307611647
iTransformer,7,0.8293307495834776,46.51416372479233,27.428785470910906,25.679217813256976,45.61,4502,0.8404797850741967,50.26029438254978,29.240170016600153,24.06066941098596,1669,0.2483151304372857,34.43357492756037,22.54271403610385,30.04512848253445
iTransformer,14,0.8487528467941173,43.93177741924561,26.318714812575585,25.658755396243443,44.45,4407,0.8526028935758379,48.450599611177346,28.276198196497692,24.244212250316107,1633,0.49048182404429663,28.344261583212063,21.036026954066877,29.476202820678083
iTransformer,21,0.8425527660613871,44.79905238830766,24.91628203273645,19.926054577206305,58.55,4314,0.8427239011858698,50.02101073907502,27.778781759114413,19.790308965698834,1607,0.5602639580698131,26.033284658988293,17.23188637648596,20.290464389305384
iTransformer,30,0.7986014616032493,49.78033620870659,27.564657764540193,23.368863011079846,33.66,4221,0.7974372010950387,55.67737279428826,31.060630828163347,23.44623029726798,1571,0.46779600931372123,28.41088795218889,18.17159455540376,23.160990754555254
