conditioning,part,city,n,r2,rmse,mae,mean_error,slope,intercept,sd_ratio
none,val,Ahmedabad,76,0.31953974886293246,180.5277105835257,114.18363831613802,7.62825172541564,0.373500091999867,310.02986604800475,0.652874770967024
none,val,Amaravati,87,0.4138679670616533,20.083287811490273,16.52708801957939,7.320474255498197,0.3848945982648128,58.34594177130931,0.527299835238948
none,val,Amritsar,91,0.3325570366116748,24.113412907175665,17.93386397748203,6.1783172366219565,0.5064151291815352,60.695037070830054,0.7977824079420527
none,val,Bengaluru,91,0.7449888586968997,12.88407578955459,10.258567803467695,5.866998109311518,0.6310735970398487,42.80828797338725,0.6813803489949211
none,val,Brajrajnagar,58,0.8229371908014798,20.408345156275605,14.283248614391375,1.6590248124095903,0.8740466115876772,17.907011935340325,0.9612418774955374
none,val,Chennai,91,0.5789579126296894,17.2296946023645,14.255061576061033,3.343421796909891,0.5152337660559695,52.448643055761785,0.6600417520068558
none,val,Delhi,91,0.593749279368357,38.781957637056045,28.6260021870526,4.379186441732962,0.7931458579417143,49.446111883718245,0.9936611768179989
none,val,Gurugram,90,0.6501840901342966,43.903425994882156,32.47399008240965,12.6546142840551,0.6605523271269895,84.4402540067397,0.801160131491432
none,val,Hyderabad,91,0.6528159553833025,14.872352926561085,12.27457774418232,5.985229617496438,0.5348744154227816,48.40877175204931,0.6005860969459891
none,val,Jaipur,91,0.16225322390004593,48.076592825667994,27.012362230425843,5.7012669831964695,0.4673417213893311,79.07933448605483,0.8721519684202416
none,val,Jorapokhar,56,-0.1365931752860241,38.17312953501523,30.71004101923401,17.643663924021116,0.2920321009099318,105.38111416083751,0.6912648548345567
none,val,Kolkata,91,0.2297588417311366,20.7375607801194,17.459296230390503,13.742454605565948,0.467038445146293,57.65614404789631,0.605034163671591
none,val,Lucknow,91,0.6049555181134876,34.22557606466571,27.445299415716104,16.061865734693768,0.7275964723135389,67.7556736863589,0.8736326353801162
none,val,Mumbai,91,0.3181379527821958,11.657309349484839,9.691115820391492,7.654983354056928,0.6158577472270539,40.691217071410655,0.7871148288862432
none,val,Patna,90,0.07873419949589011,36.352279702231435,29.056463284831906,-5.358065730871422,0.2568094421024929,108.44918165707448,0.6441044235276611
none,val,Talcher,74,0.4183870367982492,25.581419822382404,19.165662248845436,-3.0202382003032695,0.5461318671956282,54.430880885119976,0.8159470367559084
none,val,Thiruvananthapuram,71,-0.15547287178945535,17.705067415324592,16.0160054442617,11.98380552251941,0.2800642217554544,61.99399237352071,0.43155265987782426
none,val,Visakhapatnam,89,0.5165268043377709,18.46485051101489,14.194997458561753,-1.5062129981397243,0.38339927013714503,64.56705804591324,0.49704599102249514
none,test,Ahmedabad,348,0.7083984995973618,137.17619016785156,93.90616212130642,26.888733710842104,0.6779533137828275,141.75852993265426,0.7976867374145059
none,test,Amaravati,305,0.5541483825285514,24.21254297886383,21.45400924824376,16.57267720849619,0.647906120724642,40.962970559392936,0.7299210988098398
none,test,Amritsar,350,0.6238098576864807,40.433513275523765,27.332074109661793,11.184464043990841,0.6362507199233411,49.53922739969873,0.7873419456671931
none,test,Bengaluru,367,0.5291063469807423,13.64630283209371,11.545253919092401,9.409026480515863,0.6833949770972924,34.02053791822553,0.7834670791763532
none,test,Brajrajnagar,251,0.5410272168564605,28.359416423744886,19.721743584714414,6.795127952475085,0.6588279308606416,47.91791599627504,0.866186018960327
none,test,Chennai,367,0.4099017328966651,27.59262615615899,20.303484216865346,11.375108899731357,0.5458591682281805,51.630300733542896,0.7625801638417783
none,test,Delhi,367,0.9102835794588287,35.29674566217593,24.72802574007343,3.2501725256087752,0.8648589935620707,30.297890111693352,0.9048058930658495
none,test,Gurugram,367,0.8651392168512313,37.50744957573873,28.40773278285244,9.31252696835347,0.8398859403070035,36.449024278585966,0.897952743413137
none,test,Hyderabad,367,0.7765101772270154,16.84358601928234,14.085063376191146,8.963589610028198,0.731071046799569,30.738041523921073,0.7888848907552239
none,test,Jaipur,367,0.686092799241129,22.223761052336137,16.698749248938235,9.230468497203018,0.7321407936045877,37.98336605863956,0.8509035751457598
none,test,Jorapokhar,288,0.6297539369274249,31.466668067837936,23.21877094506231,5.957869220892868,0.7615641877679943,39.86625665285489,0.9381371885535635
none,test,Kolkata,367,0.8791781815936467,27.464740358641063,22.402176206408715,13.299454701622837,0.883258874559301,26.967073032247832,0.9268271460016702
none,test,Lucknow,367,0.8963261606756459,32.54550582140714,24.957178871571124,10.672528714154739,0.9011687892189025,27.391968871784037,0.9459718707584883
none,test,Mumbai,367,0.86950900890544,19.31121869427377,15.180183372018748,9.272618773581117,0.9238747847480434,17.02515262037008,0.9737322296238807
none,test,Patna,362,0.9112582378420695,30.955466203146248,22.580235768953408,7.653844492437926,0.9168962726175828,22.98326821128746,0.9576581574601246
none,test,Talcher,264,0.8612327715592081,32.58668237990459,22.373344209447335,7.707880966852162,0.8894891662091892,24.363621762828974,0.9539296201130347
none,test,Thiruvananthapuram,364,0.17319609910886935,18.716638639454672,14.633977245750504,10.488482612375789,0.4230112153650319,49.07222982561124,0.6427954685728053
none,test,Visakhapatnam,336,0.6535041366615197,25.88811691833339,20.727905288460967,9.351515891341215,0.6437535038042171,43.42288835342312,0.7673265901093398
bias,val,Ahmedabad,76,0.34775335586187617,176.74552251322015,115.03193520195782,22.430302260639625,0.40132496696709863,311.40128873960384,0.6666272115146666
bias,val,Amaravati,87,0.4795918554673192,18.923833840696716,15.144520557357062,4.85746434434777,0.3836678828590761,55.984692837887245,0.5034438196879847
bias,val,Amritsar,91,0.4255770493155814,22.37007783688845,16.719717038631604,3.224973248522525,0.4481947069131847,64.17217067044486,0.6774023064554648
bias,val,Bengaluru,91,0.7334558759469852,13.172197988352606,10.879466580124674,-0.25342047619787156,0.5330219635358598,46.50596260607509,0.5766189316018219
bias,val,Brajrajnagar,58,0.7672000541594304,23.401061232877908,15.563559366903942,-6.507590430885038,0.7584501479964902,24.65234051159108,0.8553928563868538
bias,val,Chennai,91,0.5988187409162833,16.818418038261527,14.396246103160493,1.5222622105585666,0.44730538342098386,57.50840467530463,0.5408376905468575
bias,val,Delhi,91,0.5532714509648677,40.66815867088765,31.419843679232585,-1.659745467110319,0.8951559572237154,21.18243024094852,1.1118886575733626
bias,val,Gurugram,90,0.66833766503792,42.74907380494751,31.70365015570488,10.19014120188852,0.7263755248834243,68.05563729964926,0.8749674743307608
bias,val,Hyderabad,91,0.5428607207341011,17.06569868314546,13.726127833168913,8.348822839025937,0.4489115339362789,58.61293544674482,0.4955339469397567
bias,val,Jaipur,91,0.19402405795482647,47.15614977586752,25.53428140624457,-1.3851534376473527,0.47260383775135106,71.26801417136666,0.8663072244682961
bias,val,Jorapokhar,56,0.04665080093733176,34.96079075227546,26.522585186608403,7.4893520732875976,0.22205716173877496,103.89869654604951,0.5947382009632044
bias,val,Kolkata,91,0.37211756520629147,18.723346645239015,15.795937621188195,10.64706507286282,0.42684308882846284,57.872675193692274,0.5277627111605093
bias,val,Lucknow,91,0.6816989720510285,30.72180918079061,24.44335449470596,-3.4849798939712735,0.7319492534700983,47.38280412520717,0.882101851078663
bias,val,Mumbai,91,0.32411572756158935,11.60609798491016,9.729940018319821,-4.586302100916159,0.3128991154056241,54.50437393642421,0.4428775612893995
bias,val,Patna,90,-0.007427645537756433,38.01422218700967,31.3717572932028,-13.834370234236113,0.13571371021421125,118.5166702229089,0.38135164299360186
bias,val,Talcher,74,-0.03117787882960643,34.062333765440066,29.071462174021715,24.5571130476892,0.485795913665942,89.64562238113112,0.6832283899165233
bias,val,Thiruvananthapuram,71,-0.059785888736879844,16.95613143073252,15.15098717007261,9.818769832640148,0.2317937805849729,63.18205268923554,0.4098842544064928
bias,val,Visakhapatnam,89,0.6070255240928835,16.647221844826234,12.714122718095442,1.5765010594400801,0.4591600437620613,59.53145195272122,0.5547704859225536
bias,test,Ahmedabad,348,0.6488511696149132,150.5322222056817,118.13689541041144,47.518418435472995,0.5487158541506733,208.4855082719108,0.6431092817386513
bias,test,Amaravati,305,0.40385201300633444,27.99769462262338,25.388626431436347,20.002452554218618,0.5448515854491336,51.531553179138626,0.6177129729406248
bias,test,Amritsar,350,0.6182287843277658,40.7323403322456,28.881817745491862,10.032079208908334,0.563707105612592,56.03604852117552,0.6971564701111734
bias,test,Bengaluru,367,0.49605531122157964,14.117084767945176,11.83771475776522,8.983603195457308,0.5670609782937985,42.638418860928816,0.6587789447386593
bias,test,Brajrajnagar,251,0.5705641070317232,27.43171712248535,18.760815027503824,1.4303395899636053,0.5631271328983055,54.088314673415766,0.7446627570326558
bias,test,Chennai,367,0.3779618225870939,28.329531167153068,21.010453228257617,9.733280826923346,0.49002834401478784,54.937335175874594,0.7270953845754656
bias,test,Delhi,367,0.9173244116675967,33.8834281542545,23.98908502713597,4.32099739822993,0.8795246578442363,28.433464195735123,0.9167226263437641
bias,test,Gurugram,367,0.8540036713256582,39.02524721068129,30.23719385101102,14.154559248061064,0.8178035328711141,45.033633513349585,0.873153544348399
bias,test,Hyderabad,367,0.5565485785278494,23.726228515858196,20.968805344840025,16.21839644227872,0.5563899550994261,52.13630515480162,0.5907827985718603
bias,test,Jaipur,367,0.6915229852715661,22.03070141864901,16.559688854652993,7.277354126369799,0.6430675522716288,45.591669486270945,0.7489674169401984
bias,test,Jorapokhar,288,0.6044751923200453,32.52313473482661,24.64273816072172,-5.380120696093297,0.6999897289641803,37.28488171533966,0.8858220108112437
bias,test,Kolkata,367,0.8593782144087179,29.629827150921603,24.37983668196124,3.2701054351906715,0.7391019181482924,33.81508598493407,0.7855652599255565
bias,test,Lucknow,367,0.8963033523553547,32.549085642040026,26.57513125988906,9.678796287829043,0.8476751228967273,35.44784886867126,0.8887506554553224
bias,test,Mumbai,367,0.8662883741738241,19.54807524548087,15.603782188895913,1.7047926405322908,0.7373781200186039,28.450004548629927,0.7793913682384849
bias,test,Patna,362,0.9134119765184741,30.57751853052701,22.361095867649706,5.977924518091656,0.9153157471650615,21.598894057126056,0.9559864434998391
bias,test,Talcher,264,0.7217929295276041,46.14033804112455,38.78803656665806,34.55877133631712,0.8636362490041325,55.11095805543628,0.921633447461453
bias,test,Thiruvananthapuram,364,0.08168323778871966,19.72526529114674,15.737452640184094,10.426225672728007,0.31796611829206267,56.03443086397669,0.5456022820533686
bias,test,Visakhapatnam,336,0.5876527271944993,28.241190319053654,22.850241973929986,14.11511839389658,0.5905988815468574,53.270192597192136,0.7003843002166873
scale_bias,val,Ahmedabad,76,0.34210695649057044,177.5089034240921,106.63994023076405,-6.402091370699442,0.42380598969432404,271.7176603713966,0.7103866901673849
scale_bias,val,Amaravati,87,0.3938547538185172,20.423277364329604,15.96078206158789,-5.385329146270011,0.2976274158869008,52.87930220562386,0.3990672408814987
scale_bias,val,Amritsar,91,0.2714953525503012,25.192296948255876,19.029605310840104,-7.633410862002235,0.46835704009015455,51.08684579654103,0.7735198157843005
scale_bias,val,Bengaluru,91,0.057347725505840996,24.771337318175856,20.54574749436598,-18.44389204854903,0.37425772247620165,44.21285105452009,0.4105870634915311
scale_bias,val,Brajrajnagar,58,0.6465453591943475,28.83440271133473,21.737079192884266,-16.462416387741165,0.8597183004285103,1.6339228767403184,0.9786107084310312
scale_bias,val,Chennai,91,0.39114612402713234,20.719122689871156,15.766855729170716,-8.191650638888989,0.3355414876962251,59.115805985186846,0.4298418023051866
scale_bias,val,Delhi,91,0.5579432044672906,40.45495207557509,31.495731084146996,-2.375007060939789,0.8776256662958206,24.286460377816585,1.093519341760125
scale_bias,val,Gurugram,90,0.6889317956769201,41.40058176768713,31.269972744915222,5.096375175731049,0.6954436782722696,69.50326947484699,0.8350100730075489
scale_bias,val,Hyderabad,91,0.4055167829631796,19.46119942200702,16.76666321650475,-8.003360787713596,0.317146952015124,54.278840005919434,0.35810007281336587
scale_bias,val,Jaipur,91,0.20667415854587778,46.78461928103964,26.107796311439884,-7.0832511604364425,0.43848560087569083,70.26998474578053,0.8075346140849493
scale_bias,val,Jorapokhar,56,-0.16879876310785047,38.71017330941947,29.69793787841419,13.232874262978195,0.21617220497377104,110.37153301959253,0.6815862266087942
scale_bias,val,Kolkata,91,0.21955267908984322,20.874501267606938,17.98337505888808,12.162895069017516,0.3512436536502699,65.61756634481526,0.4668742745227672
scale_bias,val,Lucknow,91,0.6412609042622949,32.614980357262375,25.97898984540786,6.126125172967768,0.7774304804637935,48.36297172380227,0.9491804262634339
scale_bias,val,Mumbai,91,0.2711671268075705,12.052136418695769,9.182534310229858,1.007548712480525,0.1630277186215395,72.98716486501245,0.2231470964593546
scale_bias,val,Patna,90,-0.42784387635497434,45.25635143068176,36.12657213910586,-28.29587640576064,0.14328769595160998,102.89533436925353,0.3952814150541364
scale_bias,val,Talcher,74,0.4811210750022078,24.162430731680217,17.971261093594336,1.8887026506803317,0.5604941828127631,57.52182429318085,0.7979328956097053
scale_bias,val,Thiruvananthapuram,71,-0.02019920369748207,16.636432339741788,10.939388388571075,-7.723293672210834,0.14593936547438222,51.60384800542181,0.3036545055262109
scale_bias,val,Visakhapatnam,89,0.01204851883247371,26.39534870107338,22.276055188891423,-19.481717373234,0.39431380863280807,45.42198116560139,0.4882514891199159
scale_bias,test,Ahmedabad,348,0.6568697828370528,148.80356715254362,114.0788892717743,31.067158105895565,0.5365486839384456,196.3741167336931,0.6334594702383187
scale_bias,test,Amaravati,305,0.5786675446055112,23.53735667523095,20.5929581964793,13.064028890291226,0.5707237175536206,42.80091178924475,0.6580145480815299
scale_bias,test,Amritsar,350,0.654668859385714,38.739645736330615,25.171247337423264,1.2432255324880963,0.6430401151703575,38.882095655437425,0.7943901558689545
scale_bias,test,Bengaluru,367,0.5032442212974941,14.016031028268456,9.96360035348247,-4.103418214231407,0.38066451152528463,44.04105630681571,0.4642271929824149
scale_bias,test,Brajrajnagar,251,0.49174004164405993,29.843294976953622,22.532050098032798,-7.624832510922208,0.6647073811569472,32.78928266596063,0.896937293947109
scale_bias,test,Chennai,367,0.41251510933104885,27.53145843307214,19.437758628334798,1.8748381570215016,0.4269436999393791,52.67073598570473,0.6623050068925431
scale_bias,test,Delhi,367,0.9023220504046646,36.829596755896446,25.72757852574359,3.5627485456183687,0.8445665495581293,34.67188545228597,0.8865083149097902
scale_bias,test,Gurugram,367,0.8495381917362825,39.617569992537504,30.488374585871984,8.726558412668837,0.7924556430137852,43.90165106792486,0.8532718577216966
scale_bias,test,Hyderabad,367,0.7243328549418109,18.70674333244717,15.685083683903708,4.6617545031749525,0.5440226678949036,41.58100910030952,0.5887216018816397
scale_bias,test,Jaipur,367,0.648011127442462,23.533221744169833,17.87655050606449,5.61441892256062,0.5604423783875153,52.79799508800143,0.6729333211774691
scale_bias,test,Jorapokhar,288,0.5027465322595117,36.46653040922006,28.01804281335838,0.3677763638996936,0.8149578735025138,26.6829513276573,1.0616584372284874
scale_bias,test,Kolkata,367,0.8509080479189371,30.509136388443686,25.715897315950706,6.5634124480157405,0.7426245055391578,36.69598152054512,0.7921116644099047
scale_bias,test,Lucknow,367,0.8924909887530701,33.14201187625433,25.743095773340734,12.61438470447502,0.9116707653584942,27.557188107226658,0.9567005053255572
scale_bias,test,Mumbai,367,0.8089190746239748,23.368351967360205,19.84832923170382,6.245181385024223,0.6608840913254463,40.780486819401986,0.7065420478369158
scale_bias,test,Patna,362,0.908869135048326,31.36938981603196,22.098551105604972,-1.6064094773684074,0.942234821835607,9.049031862849592,0.9876039318734428
scale_bias,test,Talcher,264,0.819786903407342,37.1355503899251,27.613926771061607,18.582239608103976,0.9542769782466118,25.473426405000318,1.021588742122664
scale_bias,test,Thiruvananthapuram,364,0.19772739134512873,18.436886384695754,11.422743958570726,-6.458888085644721,0.22509586736093032,45.359632420178926,0.39243315109093213
scale_bias,test,Visakhapatnam,336,0.6504765206177647,26.00097368589898,19.42860932372146,-4.442087381124331,0.5901365019890387,34.757208748004935,0.720829253057633
vector_bias,val,Ahmedabad,76,0.3044190377602437,182.52247010419478,108.87979943922868,-6.205777456199654,0.3693833648902617,298.18291604672686,0.6584402759070674
vector_bias,val,Amaravati,87,0.13496874853596974,24.397930092649695,20.62233849029303,13.693815230606011,0.2697450952955543,74.27139724036402,0.36334042361637464
vector_bias,val,Amritsar,91,0.388710303204328,23.076776366953997,16.553250650414725,-4.269588199740909,0.43256311474677217,58.40412715472225,0.674900560845447
vector_bias,val,Bengaluru,91,0.40028617135930045,19.758124832954362,17.261270095276963,-6.819232718302656,0.28492312251322754,64.78275075152854,0.31324591481737385
vector_bias,val,Brajrajnagar,58,0.7267790934693799,25.351349320742674,17.96189286778199,-11.013525639885456,0.7196330839173856,25.153806574262756,0.8129704475708569
vector_bias,val,Chennai,91,0.37550938047798355,20.983492991755117,17.87576734882544,-2.0550766372541496,0.24302063305722063,74.62443752709778,0.3233293855047391
vector_bias,val,Delhi,91,0.6333350813272365,36.84404766406871,28.358641051697536,-0.8407377428324052,0.7050474917698751,63.420014133183074,0.8812315134510372
vector_bias,val,Gurugram,90,0.5763895023114232,48.31277572862562,38.75357826641864,-10.783031410641147,0.4962684388476126,95.74500002281832,0.6285263190841901
vector_bias,val,Hyderabad,91,0.26998592775388663,21.56579237389344,16.910231946425125,12.745173813386273,0.3294269206156831,73.90733352002908,0.36591836494361624
vector_bias,val,Jaipur,91,0.2639575199424845,45.06389633201805,26.688229009693305,5.085467945272622,0.2742264611567109,105.06675400345307,0.5245205282130984
vector_bias,val,Jorapokhar,56,-0.38665758054787536,42.1638111166031,33.57403847265856,22.893604839187383,0.35746506930372385,102.52204078923153,0.8323347523737923
vector_bias,val,Kolkata,91,-3.8032661380687767,51.786032120488485,49.355657031575404,48.76620408270385,0.2933845424970396,106.98821179290847,0.36142335054806
vector_bias,val,Lucknow,91,0.6261589515332229,33.294405129681905,27.2335100412205,9.960606491418327,0.6027073111354996,85.35453451132663,0.7387803691151686
vector_bias,val,Mumbai,91,-3.4373201260053943,29.73791003286419,28.182536890709795,27.69557010947348,0.3009193701514643,87.81650423801293,0.43635060022060806
vector_bias,val,Patna,90,0.18310496964649747,34.23121415745662,28.603986341216487,-2.919819779569899,0.15604254325273312,126.31819871283375,0.350765924173761
vector_bias,val,Talcher,74,-0.21368619968356328,36.95394542765904,32.261454690046406,28.721316938364023,0.46248532253639546,96.76050610618954,0.6367933351611849
vector_bias,val,Thiruvananthapuram,71,-0.05970252400000775,16.955464517137425,14.876348602664194,9.512510495483347,0.16759603589200142,67.3352761344691,0.24768781222665384
vector_bias,val,Visakhapatnam,89,0.44225525839916224,19.832494275533463,15.314048310218565,9.081569853332942,0.3967294003132393,73.72642010331147,0.4839967825516543
vector_bias,test,Ahmedabad,348,0.6353926638124765,153.3898282450141,124.9231232869032,58.75485355400041,0.5706038908973126,211.91476999481912,0.6725468808011699
vector_bias,test,Amaravati,305,0.07712810093848155,34.835010233026516,32.16620008783705,27.638935907033165,0.46786626893362193,64.50097346737911,0.5269122189847923
vector_bias,test,Amritsar,350,0.5877538004806995,42.32686506056145,28.011397007294,3.6416877651267807,0.5101383824632386,55.29409629692418,0.6553406355150656
vector_bias,test,Bengaluru,367,0.25321672318588384,17.18505309517641,14.372285603629349,8.09475047237237,0.25499285320344944,66.00839867179876,0.30179075991806475
vector_bias,test,Brajrajnagar,251,0.48914483644273876,29.919388774319902,20.738180781358416,-3.603417329382579,0.5086466799505533,55.621297302099514,0.7216221086192787
vector_bias,test,Chennai,367,0.41760288347462404,27.41198435464553,20.970333896886952,8.267818656980946,0.35007420223747093,65.8774538985419,0.47912891908185096
vector_bias,test,Delhi,367,0.8716161094977268,42.223474000886426,34.817626871072186,11.027526528521234,0.7554022052119488,59.98240891386852,0.7939969966969052
vector_bias,test,Gurugram,367,0.8276683480608666,42.399156915413485,33.946735737051014,10.029989683906718,0.7189025633332993,57.671026633723216,0.7749147717009089
vector_bias,test,Hyderabad,367,0.332239728997764,29.114944838649528,26.087526580951955,19.947601475703404,0.42895811852835397,66.18332225232139,0.4606791320837795
vector_bias,test,Jaipur,367,0.3875113952779151,31.043160221830686,26.32742642679782,19.640035974937785,0.4718239211000809,76.33621190772342,0.5576520625345402
vector_bias,test,Jorapokhar,288,0.5482474863677752,34.75808357701834,25.913001196581007,11.265649839038408,0.6463962469607869,61.552278106870396,0.8349178894912389
vector_bias,test,Kolkata,367,0.506584202178098,55.50209021523429,49.87531655435057,32.08731413020547,0.4471391361321489,96.81421520093213,0.47199439741545185
vector_bias,test,Lucknow,367,0.8400120234593451,40.42966172321412,34.749028401829975,21.932839577657244,0.7675485664906389,61.25703485361177,0.8049849251210721
vector_bias,test,Mumbai,367,0.511526333326296,37.362849915363654,33.31898650988602,22.21624115483749,0.4583428635880366,77.37819070716547,0.4821363098794703
vector_bias,test,Patna,362,0.8945561919584857,33.7430135106034,27.302859873022083,4.032739714477522,0.7871851380550433,43.28885126541306,0.8235945509824758
vector_bias,test,Talcher,264,0.6880371512771539,48.859399966242016,42.673470351795636,27.93107055393612,0.6367217517724083,82.68288204373773,0.6953111756627655
vector_bias,test,Thiruvananthapuram,364,0.07333972004640621,19.814671240699433,16.04667327613032,10.247364258093006,0.21893731555878357,62.477712536416554,0.34160657429476343
vector_bias,test,Visakhapatnam,336,0.3776333133556029,34.695616065808665,29.02086164643801,21.904846863699536,0.47742534468127945,71.88382465222256,0.5737120142424814
