city,period,n_windows,spearman_rho_all,p_value_all,spearman_rho_pollutants,p_value_pollutants,top3_dseed123,top3_dseed42,top5_dseed123,top5_dseed42,channel_share_pct_dseed123,channel_share_pct_dseed42,channel_share_difference_pp,IMF1_share_pct_dseed123,IMF1_share_pct_dseed42,IMF1_share_difference_pp,IMF2_share_pct_dseed123,IMF2_share_pct_dseed42,IMF2_share_difference_pp,IMF3_share_pct_dseed123,IMF3_share_pct_dseed42,IMF3_share_difference_pp,IMF4_share_pct_dseed123,IMF4_share_pct_dseed42,IMF4_share_difference_pp,IMF5+ (slow)_share_pct_dseed123,IMF5+ (slow)_share_pct_dseed42,IMF5+ (slow)_share_difference_pp
Delhi,all,100,0.9387254901960785,2.4643824516216592e-08,0.9860139860139862,4.1168959116543284e-09,"PM2.5, IMF5+ (slow), PM10","PM2.5, IMF5+ (slow), PM10","PM2.5, IMF5+ (slow), PM10, IMF4, NOx","PM2.5, IMF5+ (slow), PM10, IMF4, NOx",23.983190116992102,32.07889752117598,8.09570740418388,0.09011439162888128,0.08730325524326582,-0.002811136385615462,0.45258165443519094,0.4813420725778608,0.028760418142669886,0.08203816639689325,1.1787170757699004,1.0966789093730072,2.642175672665056,3.6323766714763184,0.9902009988112623,20.71628023186608,26.699158446108637,5.982878214242557
Delhi,pre_lockdown,73,0.9264705882352943,9.329882323638335e-08,0.965034965034965,3.88098529962746e-07,"PM2.5, PM10, IMF5+ (slow)","PM2.5, IMF5+ (slow), PM10","PM2.5, PM10, IMF5+ (slow), IMF4, NO","PM2.5, IMF5+ (slow), PM10, IMF4, O3",22.444414673826444,30.535576278784497,8.091161604958053,0.09463834887199969,0.09893222908197417,0.004293880209974482,0.5265101196644434,0.5498135728232763,0.023303453158832865,0.08548556102593394,1.5221169020068634,1.4366313409809295,3.211312643209388,4.377027981043428,1.16571533783404,18.526468001054678,23.987685593828953,5.461217592774275
Delhi,lockdown_unlock,27,0.8553921568627452,1.2029379167269173e-05,0.9580419580419581,9.5435818268384e-07,"PM2.5, IMF5+ (slow), PM10","PM2.5, IMF5+ (slow), PM10","PM2.5, IMF5+ (slow), PM10, NOx, O3","PM2.5, IMF5+ (slow), PM10, NOx, NO",27.54700768937412,35.47954969161225,7.932542002238129,0.07963686653492613,0.06167923476178094,-0.01795763177314519,0.28136267335942056,0.3304676146057882,0.04910494124636766,0.07405396986420405,0.4220480606978294,0.34799409083362537,1.3240494017223583,1.9915646211130198,0.6675152193906615,25.78790477789321,32.67379016043383,6.885885382540621
Mumbai,all,100,0.9386503067484663,2.4866016088124405e-08,0.9929824561403509,1.3246159280933935e-10,"PM2.5, PM10, IMF5+ (slow)","PM2.5, IMF5+ (slow), PM10","PM2.5, PM10, IMF5+ (slow), NOx, O3","PM2.5, IMF5+ (slow), PM10, NOx, O3",17.65720240023005,26.9476829780972,9.290480577867147,0.052984620559826466,0.07758579416747734,0.02460117360765087,0.6001059924639346,0.5496221482528147,-0.050483844211119844,0.03185345308610204,0.5797507276890513,0.5478972746029493,1.8519321553319312,1.4911233675724918,-0.3608087877594395,15.120326178788257,24.249600940415363,9.129274761627105
Mumbai,pre_lockdown,73,0.9312883435582822,5.692779255280525e-08,0.9859649122807018,4.189286296780003e-09,"PM2.5, PM10, IMF5+ (slow)","PM2.5, IMF5+ (slow), PM10","PM2.5, PM10, IMF5+ (slow), O3, NOx","PM2.5, IMF5+ (slow), PM10, NOx, O3",17.19712651753861,26.413721448090804,9.216594930552194,0.06137165524542621,0.092617610348136,0.031245955102709784,0.7734618222509853,0.7278257932360434,-0.0456360290149419,0.0328633518904526,0.6890945951093784,0.6562312432189258,2.2679857839431445,1.9399421323970192,-0.32804365154612536,14.061443904208602,22.964241317000226,8.902797412791625
Mumbai,lockdown_unlock,27,0.936196319018405,3.312992397052521e-08,0.9929824561403509,1.3246159280933935e-10,"PM2.5, PM10, IMF5+ (slow)","PM2.5, IMF5+ (slow), PM10","PM2.5, PM10, IMF5+ (slow), NOx, O3","PM2.5, IMF5+ (slow), PM10, NOx, O3",18.632617417453353,27.98985771715522,9.357240299701868,0.03520311996377546,0.04824701557520947,0.013043895611434007,0.23257123122347603,0.20180807032221545,-0.030763160901260578,0.029712348766795623,0.36633569665674,0.33662334788994436,0.9698494976982778,0.6151284637640698,-0.35472103393420795,17.365281219801027,26.758338470836986,9.393057251035959
Bengaluru,all,100,0.8823529411764707,2.777270337958575e-06,0.9580419580419581,9.5435818268384e-07,"PM2.5, IMF5+ (slow), PM10","PM2.5, IMF5+ (slow), PM10","PM2.5, IMF5+ (slow), PM10, O3, IMF4","PM2.5, IMF5+ (slow), PM10, O3, NOx",14.525152054869391,19.41380134876828,4.88864929389889,0.056792167878746046,0.0673874797269245,0.010595311848178461,0.8121667500949332,0.8053976678745243,-0.006769082220408951,0.03721939910772352,0.5153163402462733,0.4780969411385497,2.310827118572117,1.4648915065153378,-0.8459356120567794,11.308146619215872,16.56080835440522,5.252661735189349
Bengaluru,pre_lockdown,73,0.875,4.280115581127817e-06,0.965034965034965,3.88098529962746e-07,"PM2.5, PM10, IMF5+ (slow)","PM2.5, PM10, IMF5+ (slow)","PM2.5, PM10, IMF5+ (slow), O3, IMF4","PM2.5, PM10, IMF5+ (slow), O3, NOx",13.713032702656355,18.400555476905055,4.6875227742487,0.05753737422684079,0.06969143779071445,0.012154063563873656,0.9873490693682861,0.9608226415190991,-0.026526427849187018,0.04051758356920964,0.5772043350010666,0.536686751431857,2.1641033878366143,1.3707064313190898,-0.7933969565175245,10.463525287655404,15.422130631275087,4.958605343619682
Bengaluru,lockdown_unlock,27,0.875,4.280115581127817e-06,0.9160839160839163,2.8428045348547105e-05,"PM2.5, IMF5+ (slow), PM10","PM2.5, IMF5+ (slow), PM10","PM2.5, IMF5+ (slow), PM10, O3, IMF4","PM2.5, IMF5+ (slow), PM10, O3, NO",16.2741171053683,21.60995710693126,5.335840001562961,0.05518730542265998,0.062393774932397165,0.007206469509737183,0.43489738317303206,0.4685224233653198,0.033625040192287736,0.030116490726684736,0.38117745074656034,0.35106096001987563,2.626808601387335,1.6690325753014306,-0.9577760260859045,13.12710732465859,19.028830882585552,5.901723557926962
