run,city,lookback,period,n_windows,missing_test_dates,missing_background_dates,non_pollutant_share_pct,PM10,NO,NO2,NOx,NH3,CO,SO2,O3,Benzene,Toluene,Xylene,IMF1,IMF2,IMF3,IMF4,IMF5+ (slow)
v2_pm25,Delhi,7,all,100,0,0,95.74343754111075,0.0013024374040303778,0.00044649116656862595,0.00030906593975806604,0.001071945496252033,4.626167975177514e-05,2.5571664990838355e-05,9.974791797980254e-05,0.0001139462492983123,2.8323157927799466e-05,8.777614854746955e-05,6.201355524794753e-05,0.005496846558031683,0.005141401281732713,0.008751124829543884,0.007409157040676516,0.054032361888179885
v2_pm25,Delhi,7,pre_lockdown,73,0,0,95.0939287088988,0.0016228329123702887,0.0005918276540723785,0.000365179673375811,0.0011721865271106442,4.617216429946288e-05,2.7888678640317e-05,0.00012297824332847967,0.00013568483033179346,3.156855454971734e-05,0.00011188445010872177,6.58683477871282e-05,0.006598868690277188,0.006600142476711801,0.01054222937063691,0.009035600485163017,0.05045476239897989
v2_pm25,Delhi,7,lockdown_unlock,27,0,0,97.76477592952175,0.0004361828814817281,5.354436702144282e-05,0.00015735103034712593,0.0008009234498565297,4.650370301173054e-05,1.930714660521092e-05,3.69400012963423e-05,5.5171567244826114e-05,1.954856706113265e-05,2.2594444326306225e-05,5.1591338382755336e-05,0.002517305237516063,0.0011973973101225758,0.00390850884807016,0.0030117358759537537,0.06370513087749843
v2_pm25,Mumbai,7,all,100,0,0,94.44611471424848,0.0002899481004494579,0.00017683335799782856,0.00027227950639268814,0.0006399821132580823,3.50178660617538e-05,3.8973940618809494e-05,9.430510789991508e-05,8.01587245535794e-05,1.812830570868094e-05,0.0,0.0,0.0018548633800054275,0.0008615802673147152,0.0019712477517473863,0.0015898018059983664,0.0217070744604333
v2_pm25,Mumbai,7,pre_lockdown,73,0,0,94.22441848111309,0.00028071486353059425,0.00018515432272624347,0.00027319278653584867,0.0006581192340217606,2.662882145872705e-05,3.570845531185998e-05,9.380239948366186e-05,8.008168740907299e-05,1.8246033118547372e-05,0.0,0.0,0.002358145571395746,0.0010714930062145965,0.0023793917507286067,0.0019070155011704731,0.019229401776084752
v2_pm25,Mumbai,7,lockdown_unlock,27,0,0,94.97478021220162,0.00031491203730416316,0.00015433593484322534,0.00026981026748710613,0.0005909447126748042,5.76993570254928e-05,4.780284533759892e-05,9.566428250682201e-05,8.036701016650403e-05,1.7810005674597626e-05,0.0,0.0,0.0004941374551353058,0.00029403841769651994,0.0008677473100574206,0.000732149963496004,0.028405967273671992
v2_pm25,Bengaluru,7,all,100,0,1,94.92415413206885,0.00018452236265660175,0.00014264209752134016,0.00024344248093499405,5.009050977893326e-05,3.494144261128743e-05,5.6446609781703875e-06,1.820743457598496e-05,1.84952664432869e-05,6.764394309622095e-06,1.3691622798514076e-05,0.0,0.0014185945974240144,0.0006571837831009671,0.0019640763776375882,0.0011133381898740804,0.00828250364215586
v2_pm25,Bengaluru,7,pre_lockdown,73,0,1,94.98798588527087,0.00017986860877327937,0.00014099593501226283,0.00021147104138622718,4.7654025176149605e-05,3.059413205634408e-05,5.697902491507772e-06,1.9486073634503896e-05,1.816311842590114e-05,6.321331504334489e-06,1.7083671969214507e-05,0.0,0.0015411240388575442,0.0007300490917842337,0.0021500688231204375,0.0010317611050293786,0.0073839055726607076
v2_pm25,Bengaluru,7,lockdown_unlock,27,0,1,94.77732181732446,0.00019710473426706564,0.0001470928331940307,0.0003298837804557344,5.667804222349652e-05,4.6695282259837986e-05,5.50071170136931e-06,1.4750373417767114e-05,1.9393296268070632e-05,7.962304857251562e-06,4.520526892546236e-06,0.0,0.001087311292807434,0.00046017757814250493,0.0014612079139247006,0.0013338984563060511,0.010712046570790914
