label,model,lookback,RMSE,MAE,MAPE,R2,n_pre,r2_pre,rmse_pre,mae_pre,mape_pre,n_lock,r2_lock,rmse_lock,mae_lock,mape_lock
XGBoost-LB7,XGBoost,7,42.91612233952368,23.242019585322144,19.464281950196593,0.854713321243365,4502,0.8542338058822464,48.044709557143335,25.6759624752348,19.16686577022689,1669,0.6301116017427482,24.154584121523335,16.676644576102976,20.266539375135842
XGBoost-LB14,XGBoost,14,43.37592537607423,22.904070497980182,19.21089174701005,0.8525559790426102,4407,0.8511121207983334,48.694997632439566,25.336618915555263,18.945373690866454,1633,0.6449566790531189,23.66061235742193,16.339317971186922,19.927449048556163
XGBoost-LB21,XGBoost,21,43.80606085690175,23.38973173396931,19.615180418890915,0.8494551912707847,4314,0.8474907983340204,49.257132154308955,26.096472163193745,19.564033224301273,1607,0.6385099546022477,23.603755471687336,16.12347273479431,19.752485333302694
LSTM-LB7,LSTM,7,44.48478020502178,24.474060450510468,20.34955240896151,0.8438982596913289,4502,0.8457453032551242,49.42382612483701,26.607173421445395,19.63633346570951,1669,0.5386065340727504,26.97738995195413,18.72015116641877,22.273406023413582
NLinear-LB30,NLinear,30,44.760734698775885,25.990395334214796,19.865075207126097,0.8371697550005807,4221,0.8391548735724271,49.61384013676659,28.78016677464221,19.57743752007622,1571,0.49037615353998854,27.801652756887552,18.49477136855972,20.63790695571777
XGBoost-LB30,XGBoost,30,44.79209890460962,23.902246296076484,19.845992247157586,0.8369414821347796,4221,0.8344336408271384,50.33672302537584,26.587518472859035,19.635805933864958,1571,0.6115457701957866,24.272564921060358,16.687393426439854,20.410725810752872
NLinear-LB21,NLinear,21,45.95671351906622,26.28002815942389,19.76903020937223,0.8343103779964042,4314,0.8347717150166079,51.26999752172043,29.439144405547147,19.87569594273898,1607,0.5294503904938532,26.92995603091961,17.799363887005885,19.482685483955837
DLinear-LB7,DLinear,7,46.06791566751415,25.913412043581207,19.730283417089538,0.8325897777647472,4502,0.8342229927523048,51.23648317190259,28.70393831811445,19.66140125400643,1669,0.5145958641357204,27.67043240166866,18.38618059484026,19.916087789887705
DLinear-LB21,DLinear,21,46.434188463060146,26.648998760126105,20.547240909153132,0.8308495726471903,4314,0.832836234335157,51.569411083930774,29.374535209114594,20.276390646791857,1607,0.4776217655527274,28.374320650033244,19.33228174647561,21.274339871086248
NLinear-LB14,NLinear,14,46.51777282898463,26.301897956598673,19.79163278760004,0.8304227895494823,4407,0.8312307368568123,51.844340501019104,29.184184831152272,19.756453461615312,1633,0.5243723440359034,27.385385349979536,18.52342994915366,19.886571727964224
LSTM-LB21,LSTM,21,46.67949991971683,29.846582412397595,30.132652533354015,0.829057610872248,4314,0.833471992916235,51.47125306621649,31.97444224810788,28.310667182705057,1607,0.40539818850868325,30.272343985167506,24.134331428418637,35.02378184430586
NLinear-LB7,NLinear,7,46.64537978736902,26.409097229984315,19.793611641353355,0.8283664783739947,4502,0.8297117825549705,51.928940834926934,29.476884186506165,19.83735039510399,1669,0.5112629463247744,27.765266276973083,18.13397627236816,19.675629694447842
LSTM-LB14,LSTM,14,46.814731941481135,29.29449954001319,28.711400268623777,0.8282507924664606,4407,0.8318413239726288,51.75047219495519,31.62637345721074,27.187552352593062,1633,0.44271447454960533,29.643138855561126,23.001438699174496,32.82383000894672
DLinear-LB14,DLinear,14,47.483329216015264,27.005417686424508,20.71038223408533,0.8233099953006648,4407,0.8249878194979434,52.79451627686689,29.77955992984101,20.5484295447907,1633,0.48163503459123747,28.589274031732664,19.518801111570546,21.14744622779103
DLinear-LB30,DLinear,30,47.84166046149242,28.356407270082453,22.114261495464923,0.8139827787499397,4221,0.8179510188339697,52.78287187196252,31.28038029488837,21.78993512624521,1571,0.3717052220133047,30.8693488753944,20.500207309735043,22.985669264068616
LSTM-LB30,LSTM,30,48.61499757312801,32.75562554960093,35.09664976162165,0.8079204186962214,4221,0.8146538391789667,53.25871540464976,34.92346478073384,32.92086809753479,1571,0.27976826623126727,33.050791948474085,26.931023770726313,40.94259145742726
