city,background,overlap_with_original,overlap_with_draw1,decomposition_share_pct,imf1_4_share_pct,slow_of_decomposition_pct,top3,spearman_rho_vs_original,max_share_change_pts,mean_abs__PM2.5,mean_abs__PM10,mean_abs__NO,mean_abs__NO2,mean_abs__NOx,mean_abs__NH3,mean_abs__CO,mean_abs__SO2,mean_abs__O3,mean_abs__Benzene,mean_abs__Toluene,mean_abs__Xylene,mean_abs__IMF1,mean_abs__IMF2,mean_abs__IMF3,mean_abs__IMF4,mean_abs__IMF5+ (slow)
Delhi,original,50,0,23.983190116992102,3.2669098851260214,86.37833470364139,"PM2.5, IMF5+ (slow), PM10",1.0,0.0,0.02868701690290869,0.01140051711380758,0.0010262421937899488,0.00016744663679505624,0.0012141314529371511,0.00017128094750919133,0.0002545306264620732,4.2969750434648824e-05,0.0008723367767135627,3.476194666189021e-05,9.2246388725217e-05,3.6167679690014627e-05,5.2159536226710455e-05,0.0002619609229264455,4.748489819222426e-05,0.001529330168296193,0.011990887911519699
Delhi,draw1,0,50,23.924342262546247,3.308334897428067,86.17167878170974,"PM2.5, IMF5+ (slow), PM10",0.9779411764705883,0.5837987577908377,0.027251053459414133,0.011282818159346645,0.0008938450665977221,0.00014363404280618767,0.0012681752043279297,0.00010225925926307327,0.00023847156740635874,5.008321245973263e-05,0.0009104468319121339,3.167466527842347e-05,0.00010633616124926124,4.5807458937229884e-05,4.745744363438665e-05,0.00025209853758048574,4.5327379301559306e-05,0.0014957049722067104,0.011469692095884904
Delhi,draw2,0,1,23.114019997526093,3.343687309632683,85.53394299221615,"PM2.5, PM10, IMF5+ (slow)",0.982843137254902,3.206708212166856,0.027423537115867223,0.013487345435490936,0.0011119871678120202,0.0002967258647100398,0.0014400476730776742,0.0001296084378979998,0.0002360345819355052,4.30069747244276e-05,0.0009331027261033776,3.8189857140156144e-05,9.764542529783871e-05,4.009980334463945e-05,5.373974604805474e-05,0.000271041065655701,4.857344020250884e-05,0.0015957074324978765,0.011642537408179521
Mumbai,original,50,0,17.65720240023005,2.5368762214417946,85.6326264832942,"PM2.5, PM10, IMF5+ (slow)",1.0,0.0,0.011739505997334428,0.006782042464428548,0.0015381805674603516,5.796817725766104e-05,0.0025456526678796737,1.0260386081693755e-05,0.00025447008913417066,1.1876726123057108e-05,0.0024004922669416113,1.1014904106577874e-05,0.0,0.0,1.6312752941414396e-05,0.00018475891098763237,9.806949734363039e-06,0.0005701675579629708,0.00465520263695517
Mumbai,draw1,0,50,18.694810865928535,2.6469337299592195,85.84134523241804,"PM2.5, PM10, IMF5+ (slow)",1.0,3.6411362821025692,0.011405585101240272,0.005175281690792349,0.0014042767807674614,0.00012537700583649302,0.0022570486476146865,8.394806908458085e-06,0.0002843217605142058,1.2976496212469495e-05,0.0022021972043425337,8.70224290627015e-06,0.0,0.0,1.5219867189695273e-05,0.00018127185579532522,7.966287845664909e-06,0.0005405480610939647,0.0045168361309831885
Mumbai,draw2,0,30,18.67491818770645,2.691649588788693,85.58681991677702,"PM2.5, PM10, IMF5+ (slow)",0.9950920245398773,2.9065753209723906,0.011676271153981222,0.005554440941763172,0.0015179161792682717,3.420009168000816e-05,0.0022271118149777306,8.720952206609414e-06,0.00025301208959348063,1.9503128637619755e-05,0.0023228430683555957,8.999156927939505e-06,0.0,0.0,1.4699802856982342e-05,0.00020089801753253453,8.102579370855914e-06,0.0005581603352407206,0.004642762633933172
Bengaluru,original,50,0,14.525152054869393,3.2170054356535203,77.8521737775884,"PM2.5, IMF5+ (slow), PM10",1.0,0.0,0.00682447868068279,0.0010973861861005199,1.4836489548275166e-05,2.6914613169840596e-05,0.00016873022818097994,1.0310497440716647e-05,6.309248581554949e-05,5.626763325001739e-06,0.000782948718267561,4.35636787059361e-06,8.301672215186088e-06,0.0,5.984521599340596e-06,8.558274212364336e-05,3.922024923405117e-06,0.0002435053163133834,0.001191605290287467
Bengaluru,draw1,0,50,14.631067852973535,3.971740482326945,72.85406285967193,"PM2.5, IMF5+ (slow), O3",0.9901960784313727,3.374821124118098,0.005353200773378718,0.0005830634618590554,2.034307802600053e-05,1.387435493358517e-05,0.00020887734797276234,9.831241758558496e-06,9.708458888319874e-05,6.483133905360384e-06,0.0007689453484673668,2.4890086784041784e-06,6.9944219349272474e-06,0.0,5.390955207127754e-06,9.455529383107871e-05,2.4049186251401884e-06,0.00022663173051341127,0.0008829218390814009
Bengaluru,draw2,0,3,14.242674357087308,3.979903077073173,72.0564903943568,"PM2.5, IMF5+ (slow), O3",0.9877450980392157,2.5521312671862013,0.005396344483615592,0.0007375634605034488,1.2513984403800032e-05,1.4477774295033935e-05,0.0002069585256696995,1.5533767998542747e-05,6.572053611586274e-05,6.296636085187228e-06,0.0008516017256707223,2.4523153773099903e-06,6.674494686321004e-06,0.0,5.749869321567826e-06,8.587380397922611e-05,2.333246143015051e-06,0.0002455769774428724,0.0008755385892770192
