city,date,channel,period_seed123_d,period_seed42_d,period_seed2024_d,period_seed7_d,spread_pct,max_diff_pct_of_sd,min_corr_last_values,note
Delhi,2019-07-01,IMF1,3.339,3.402,3.339,3.434,2.804,9.300,0.987,
Delhi,2019-07-01,IMF2,7.505,7.663,8.000,8.000,6.319,9.547,0.980,
Delhi,2019-07-01,IMF3,15.489,15.489,15.489,15.489,0.000,5.025,0.987,
Delhi,2019-07-01,IMF4,48.533,42.824,42.824,38.316,23.860,7.126,0.992,
Delhi,2019-07-01,IMF5+ (slow),182.000,182.000,182.000,182.000,0.000,4.260,0.994,
Delhi,2019-09-12,IMF1,3.386,3.355,3.355,3.386,0.926,7.474,0.958,
Delhi,2019-09-12,IMF2,8.000,8.000,8.368,8.000,4.598,9.003,0.950,
Delhi,2019-09-12,IMF3,15.167,15.167,15.489,15.167,2.128,3.321,0.982,
Delhi,2019-09-12,IMF4,42.824,42.824,48.533,42.824,13.333,9.079,0.960,
Delhi,2019-09-12,IMF5+ (slow),182.000,182.000,182.000,182.000,0.000,9.925,0.957,
Delhi,2019-11-24,IMF1,3.370,3.534,3.467,3.339,5.691,12.486,0.996,
Delhi,2019-11-24,IMF2,8.565,7.828,7.828,7.663,11.517,16.471,0.994,
Delhi,2019-11-24,IMF3,15.167,15.167,16.545,15.826,8.897,11.636,0.981,
Delhi,2019-11-24,IMF4,45.500,45.500,45.500,45.500,0.000,9.620,0.998,
Delhi,2019-11-24,IMF5+ (slow),182.000,182.000,182.000,182.000,0.000,6.777,0.999,
Delhi,2020-02-05,IMF1,3.534,3.569,3.677,3.569,4.001,9.954,0.991,
Delhi,2020-02-05,IMF2,8.180,8.180,8.000,7.913,3.297,11.958,0.971,
Delhi,2020-02-05,IMF3,16.178,16.930,16.178,16.178,4.651,10.302,0.954,
Delhi,2020-02-05,IMF4,48.533,48.533,48.533,48.533,0.000,9.329,0.972,
Delhi,2020-02-05,IMF5+ (slow),182.000,182.000,182.000,182.000,0.000,6.341,0.731,
Delhi,2020-04-18,IMF1,3.569,3.604,3.604,3.569,0.985,7.011,0.951,
Delhi,2020-04-18,IMF2,8.089,7.745,7.663,8.180,6.526,9.000,0.900,
Delhi,2020-04-18,IMF3,17.333,16.545,16.545,17.333,4.651,6.583,0.993,
Delhi,2020-04-18,IMF4,42.824,42.824,42.824,42.824,0.000,5.291,0.979,
Delhi,2020-04-18,IMF5+ (slow),242.667,242.667,242.667,242.667,0.000,4.802,0.993,
Delhi,2020-07-01,IMF1,3.695,3.695,3.658,3.733,2.031,7.643,0.985,
Delhi,2020-07-01,IMF2,7.663,8.565,8.000,7.828,11.392,8.014,0.982,
Delhi,2020-07-01,IMF3,16.930,16.930,16.930,16.930,0.000,3.247,0.989,
Delhi,2020-07-01,IMF4,48.533,48.533,48.533,48.533,0.000,2.906,0.959,
Delhi,2020-07-01,IMF5+ (slow),364.000,364.000,364.000,364.000,0.000,1.210,1.000,
Mumbai,2019-07-01,IMF1,3.418,3.483,3.622,3.551,5.801,8.809,0.904,
Mumbai,2019-07-01,IMF2,7.280,6.868,6.804,6.442,12.252,14.983,0.945,
Mumbai,2019-07-01,IMF3,15.167,15.167,15.826,14.560,8.348,5.667,0.991,
Mumbai,2019-07-01,IMF4,40.444,38.316,42.824,40.444,11.146,2.404,0.859,
Mumbai,2019-07-01,IMF5+ (slow),364.000,364.000,364.000,364.000,0.000,1.187,0.999,
Mumbai,2019-09-12,IMF1,3.500,3.339,3.467,3.500,4.609,9.426,0.779,
Mumbai,2019-09-12,IMF2,7.068,6.933,6.804,6.442,9.107,10.624,0.797,
Mumbai,2019-09-12,IMF3,15.167,14.857,13.736,13.736,10.008,3.008,0.920,
Mumbai,2019-09-12,IMF4,45.500,40.444,45.500,33.091,28.877,2.694,0.998,
Mumbai,2019-09-12,IMF5+ (slow),364.000,364.000,364.000,364.000,0.000,1.577,-0.991,
Mumbai,2019-11-24,IMF1,3.221,3.279,3.309,3.370,4.527,10.815,0.981,
Mumbai,2019-11-24,IMF2,7.068,7.280,7.429,7.280,4.953,30.010,0.932,
Mumbai,2019-11-24,IMF3,14.275,15.489,15.489,14.857,8.007,18.701,0.984,
Mumbai,2019-11-24,IMF4,36.400,36.400,36.400,38.316,5.263,7.584,0.999,
Mumbai,2019-11-24,IMF5+ (slow),364.000,364.000,364.000,364.000,0.000,12.102,1.000,
Mumbai,2020-02-05,IMF1,3.418,3.586,3.586,3.586,4.695,22.420,0.992,
Mumbai,2020-02-05,IMF2,6.868,7.354,7.354,7.137,6.702,13.938,0.993,
Mumbai,2020-02-05,IMF3,14.275,14.857,14.857,14.857,3.922,13.947,0.994,
Mumbai,2020-02-05,IMF4,36.400,36.400,36.400,36.400,0.000,14.713,0.997,
Mumbai,2020-02-05,IMF5+ (slow),364.000,364.000,364.000,364.000,0.000,2.674,1.000,
Mumbai,2020-04-18,IMF1,3.418,3.622,3.695,3.386,8.790,8.774,0.938,
Mumbai,2020-04-18,IMF2,6.804,7.208,7.663,7.208,11.923,14.507,0.959,
Mumbai,2020-04-18,IMF3,14.560,14.275,14.857,14.000,5.945,14.235,0.874,
Mumbai,2020-04-18,IMF4,33.091,33.091,33.091,33.091,0.000,6.639,0.980,
Mumbai,2020-04-18,IMF5+ (slow),364.000,364.000,364.000,364.000,0.000,4.737,0.997,
Mumbai,2020-07-01,IMF1,3.339,3.434,3.640,3.370,8.834,9.032,0.855,
Mumbai,2020-07-01,IMF2,7.429,7.429,7.663,6.679,13.250,9.065,0.638,
Mumbai,2020-07-01,IMF3,17.333,15.489,16.930,16.545,11.017,2.485,0.814,
Mumbai,2020-07-01,IMF4,36.400,33.091,36.400,36.400,9.091,1.513,0.999,
Mumbai,2020-07-01,IMF5+ (slow),364.000,364.000,364.000,364.000,0.000,1.728,0.993,
Bengaluru,2019-07-01,IMF1,3.386,3.418,3.517,3.483,3.792,10.459,0.973,
Bengaluru,2019-07-01,IMF2,8.180,7.828,7.828,7.828,4.494,19.811,0.925,
Bengaluru,2019-07-01,IMF3,16.930,16.930,16.178,16.930,4.444,15.703,0.916,
Bengaluru,2019-07-01,IMF4,33.091,33.091,33.091,33.091,0.000,5.991,0.996,
Bengaluru,2019-07-01,IMF5+ (slow),364.000,364.000,364.000,364.000,0.000,4.467,1.000,
Bengaluru,2019-09-12,IMF1,3.500,3.339,3.434,3.467,4.653,8.218,0.957,
Bengaluru,2019-09-12,IMF2,7.583,7.280,7.137,7.280,6.127,8.522,0.926,
Bengaluru,2019-09-12,IMF3,17.756,16.178,16.178,16.545,9.646,4.599,0.992,
Bengaluru,2019-09-12,IMF4,34.667,34.667,34.667,34.667,0.000,3.769,0.990,
Bengaluru,2019-09-12,IMF5+ (slow),364.000,364.000,364.000,364.000,0.000,2.885,0.233,
Bengaluru,2019-11-24,IMF1,3.551,3.450,3.551,3.551,2.844,17.765,0.993,
Bengaluru,2019-11-24,IMF2,7.280,7.280,7.137,7.137,1.980,20.368,0.966,
Bengaluru,2019-11-24,IMF3,18.667,16.545,16.930,18.667,11.918,37.567,0.947,
Bengaluru,2019-11-24,IMF4,36.400,36.400,36.400,36.400,0.000,16.575,0.961,
Bengaluru,2019-11-24,IMF5+ (slow),242.667,242.667,242.667,242.667,0.000,8.226,0.585,
Bengaluru,2020-02-05,IMF1,3.434,3.467,3.450,3.500,1.909,8.811,0.993,
Bengaluru,2020-02-05,IMF2,6.933,7.068,7.354,7.208,5.887,13.131,0.988,
Bengaluru,2020-02-05,IMF3,17.756,16.930,17.756,16.930,4.762,12.288,0.956,
Bengaluru,2020-02-05,IMF4,36.400,36.400,34.667,36.400,4.762,5.786,0.962,
Bengaluru,2020-02-05,IMF5+ (slow),182.000,182.000,182.000,182.000,0.000,4.907,0.994,
Bengaluru,2020-04-18,IMF1,3.500,3.402,3.534,3.569,4.742,8.458,0.991,
Bengaluru,2020-04-18,IMF2,7.663,7.208,7.354,7.663,6.063,20.370,0.953,
Bengaluru,2020-04-18,IMF3,18.667,17.756,17.756,17.756,5.128,10.276,0.989,
Bengaluru,2020-04-18,IMF4,42.824,42.824,42.824,42.824,0.000,10.635,1.000,
Bengaluru,2020-04-18,IMF5+ (slow),145.600,145.600,121.333,145.600,16.667,5.363,0.991,
Bengaluru,2020-07-01,IMF1,3.534,3.483,3.434,3.386,4.277,8.692,0.984,
Bengaluru,2020-07-01,IMF2,7.208,7.208,7.137,7.208,0.980,11.178,0.985,
Bengaluru,2020-07-01,IMF3,18.200,18.200,17.333,17.333,4.878,5.962,0.975,
Bengaluru,2020-07-01,IMF4,40.444,40.444,40.444,40.444,0.000,4.369,0.998,
Bengaluru,2020-07-01,IMF5+ (slow),182.000,182.000,182.000,182.000,0.000,1.805,0.999,
