metric,n,main,ext_ar,difference,model_seeds_n,model_seeds_mean,model_seeds_sd,model_seeds_min,model_seeds_max,within_model_seed_range,difference_in_model_seed_sd
r2,6171,0.7962587201249036,0.8326336217643696,0.036374901639465995,5,0.7913628,0.0244271050720301,0.754685,0.813066,False,1.4891204476422604
rmse,6171,50.82145413789846,46.06188230685265,-4.759571831045811,5,51.35974,2.971488825992787,48.6801,55.766,False,-1.6017465014210908
mae,6171,33.463252347440196,27.980407330345013,-5.482845017095183,5,32.69306,3.5042562660285004,28.3768,37.3158,False,-1.5646244454915645
mape,6171,34.71772409707068,27.4480712406929,-7.269652856377778,5,32.740120000000005,5.383308135988502,26.5444,39.6369,True,-1.3504062321416606
r2_pre,4502,0.8285637234656094,0.8565274317792094,0.027963708313600066,5,0.8228298589049772,0.020092458641545866,0.7904356114765627,0.8449403458207273,False,1.3917514432892024
rmse_pre,4502,52.10369494482179,47.66521934602571,-4.438475598796082,5,52.90192327216596,2.95397279304511,49.55261423758214,57.60708609752278,False,-1.5025445086177212
mae_pre,4502,33.2100909837666,28.251853675960913,-4.958237307805685,5,32.87166844388623,3.100910038528682,28.740552150072887,37.06443372425029,False,-1.5989619970266107
mape_pre,4502,30.873681534806472,24.58948000261173,-6.284201532194743,5,29.131850187339275,4.448868167665552,23.902350389687726,34.93134063333251,True,-1.4125393910002604
r2_lock,1669,-0.4117515647167731,-0.08811435562718306,0.32363720908959004,5,-0.4019588340081842,0.29222997173847715,-0.6710716520608124,0.07080377624639556,True,1.1074743879427258
rmse_lock,1669,47.18928044526296,41.42871722814694,-5.760563217116022,5,46.79780016788021,5.165685805173868,38.284054701067475,51.34069530075746,True,-1.1151594259461803
mae_lock,1669,34.146135786181084,27.24820154966031,-6.897934236520776,5,32.21126998616255,4.810270432763405,27.02074027575036,37.993860198465875,True,-1.4340013379576353
mape_lock,1669,45.086735250643734,35.15890272891425,-9.927832521729485,5,42.473212075262516,7.93932800807549,33.671198600297956,52.3298997050039,True,-1.2504625721007354
