city,period,n,r2,rmse,mae,mape
Ahmedabad,full,348,0.6050679746980101,159.64121384418365,126.50358884087925,59.79690260175259
Ahmedabad,pre_lockdown,251,0.5350224304937942,165.79250700412845,121.27479510668265,33.741399000515166
Ahmedabad,lockdown_unlock,97,-24.146699331239635,142.49667642364102,140.0337664417385,127.2188758379443
Amaravati,full,305,0.07852173830389553,34.80869845861992,32.16888233872711,63.03623878573143
Amaravati,pre_lockdown,206,0.2612387949639886,34.55546448428279,31.395997075201237,57.277807562018836
Amaravati,lockdown_unlock,99,-3.940227889749072,35.32981229705967,33.777108240609216,75.01842900881013
Amritsar,full,350,0.5938842320888573,42.01096932861777,31.459697123936245,37.74485231942832
Amritsar,pre_lockdown,264,0.6850541032772757,38.48340159120781,31.208438685446076,35.81748649858472
Amritsar,lockdown_unlock,86,-0.05505234113936286,51.347638710179396,32.23100209790607,43.661417164808626
Bengaluru,full,367,0.6042087028168788,12.510847509208231,9.890975848205732,13.96205854115366
Bengaluru,pre_lockdown,268,0.6545077463079156,12.162164203906807,9.339801759862189,12.003170320105479
Bengaluru,lockdown_unlock,99,-0.6983613852468604,13.409340655383737,11.383043077256945,19.264907462779046
Brajrajnagar,full,251,0.32692688694832917,34.342739498417316,26.69927510417315,28.20600506905574
Brajrajnagar,pre_lockdown,208,0.29313637224827527,33.96932962725828,26.156244259614212,27.831656911568896
Brajrajnagar,lockdown_unlock,43,0.3845906977635555,36.0945041595835,29.326028956923373,30.016805458759542
Chennai,full,367,0.30104748077954957,30.029957377874197,24.632717246905333,31.88364814172666
Chennai,pre_lockdown,268,0.40462177397027954,30.410359486876914,25.332154786408836,31.8128110441926
Chennai,lockdown_unlock,99,-0.7670435757763627,28.975133964614198,22.739290372289794,32.075409173435034
Delhi,full,367,0.9010392357906312,37.07065095722736,27.46865316697622,17.20667757925965
Delhi,pre_lockdown,268,0.8952513868950172,40.546626106439305,30.178085298680546,16.440901826465023
Delhi,lockdown_unlock,99,0.5102717554234355,25.374732610255435,20.1340288104433,19.279686687834992
Gurugram,full,367,0.7989554412914289,45.79529462882863,37.03749568845661,35.76406813754257
Gurugram,pre_lockdown,268,0.8072429243314783,50.13919389871363,41.250322768937295,39.89503866726177
Gurugram,lockdown_unlock,99,-0.15815538623956749,31.13024411251893,25.63307490493312,24.581238824767382
Hyderabad,full,367,0.39389257587931037,27.73834192647154,24.79963334834543,42.79213291548189
Hyderabad,pre_lockdown,268,0.5317515579952387,26.2105204063247,23.053204863818724,38.111234305119595
Hyderabad,lockdown_unlock,99,-1.9074206558151268,31.504663768346052,29.52733874080157,55.46365642636164
Jaipur,full,367,0.27406013685667785,33.79615128918843,29.286921602503806,33.935709844749304
Jaipur,pre_lockdown,268,0.39040201486713544,33.94657898013502,28.9761724187367,33.088986635135704
Jaipur,lockdown_unlock,99,-1.1338049370172767,33.38553213626406,30.12814161512587,36.22784944249118
Jorapokhar,full,288,0.26242632882786654,44.412808802047365,36.961518777741325,35.213870506755796
Jorapokhar,pre_lockdown,202,0.3350345265200946,46.92171016412354,38.75926433223309,38.53669605612862
Jorapokhar,lockdown_unlock,86,-0.5112771279758086,37.87166732029817,32.73890712649323,27.409094216368462
Kolkata,full,367,0.8049479626123119,34.896194040399386,30.19442961066555,39.66205637417548
Kolkata,pre_lockdown,268,0.7976428215492195,36.8418395883368,31.371211293917984,33.79160304839524
Kolkata,lockdown_unlock,99,-0.7416685433057806,28.981030527242613,27.008798387315537,55.553788609620945
Lucknow,full,367,0.8553966105988935,38.436662899617446,32.795926533213105,29.747458664632003
Lucknow,pre_lockdown,268,0.8809300481398129,36.938499641323546,30.98490424654377,24.61500837363505
Lucknow,lockdown_unlock,99,-0.16220845731645284,42.226426762008316,37.69849191530786,43.64136450288637
Mumbai,full,367,0.695669640517054,29.491174250987584,26.288040462566656,36.454040338331275
Mumbai,pre_lockdown,268,0.7662528406347254,27.10444236564815,23.4880711285036,28.783008650545316
Mumbai,lockdown_unlock,99,-5.5106802229941,35.14820876053496,33.86775542750503,57.220065513347805
Patna,full,362,0.8850665831571018,35.228689339205594,28.013624307200395,22.31606154071411
Patna,pre_lockdown,263,0.8862308477674182,37.09564210473911,30.27680075757857,22.01258795529581
Patna,lockdown_unlock,99,0.2980378063040475,29.7044579884291,22.001347474377564,23.122259045411198
Talcher,full,264,0.6628436975439205,50.79399052068254,44.17507206309926,44.34949634803695
Talcher,pre_lockdown,192,0.7141246155958714,52.293799781886044,44.5577898422877,45.09997952447886
Talcher,lockdown_unlock,72,-1.8524541047557355,46.558895455624054,43.15449131859673,42.34820787752518
Thiruvananthapuram,full,364,0.01683429706766526,20.409857742520224,16.62527472108275,28.164993931060124
Thiruvananthapuram,pre_lockdown,265,0.15619011326294985,19.72847633835277,15.02247278465415,22.79902389179075
Thiruvananthapuram,lockdown_unlock,99,-4.632698102195591,22.130761154783592,20.91560313677547,42.52844908668016
Visakhapatnam,full,336,0.5937714432911174,28.03087571204655,22.309531291325886,31.13178549482788
Visakhapatnam,pre_lockdown,239,0.6159102004744751,28.18288870201249,21.80552398809329,24.75456319902195
Visakhapatnam,lockdown_unlock,97,-0.31360871529829315,27.6527624286773,23.551363718878363,46.84473527521568
