metric,n,main_dseed123,dseed42,difference,model_seeds_n,model_seeds_mean,model_seeds_sd,model_seeds_min,model_seeds_max,within_model_seed_range,difference_in_model_seed_sd
r2,6171,0.7962587201249036,0.8070842557863089,0.010825535661405317,5,0.7913628,0.0244271050720301,0.754685,0.813066,True,0.4431771849133665
rmse,6171,50.82145413789846,49.45285947656127,-1.368594661337191,5,51.35974,2.971488825992787,48.6801,55.766,True,-0.46057540225813837
mae,6171,33.463252347440196,30.07159165249634,-3.3916606949438552,5,32.69306,3.5042562660285004,28.3768,37.3158,True,-0.9678689106797963
mape,6171,34.71772409707068,28.872143586389132,-5.845580510681547,5,32.740120000000005,5.383308135988502,26.5444,39.6369,True,-1.0858714312863982
r2_pre,4502,0.8285637234656094,0.8407590944276911,0.012195370962081786,5,0.8228298589049772,0.020092458641545866,0.7904356114765627,0.8449403458207273,True,0.6069626012251681
rmse_pre,4502,52.10369494482179,50.21627326981231,-1.8874216750094774,5,52.90192327216596,2.95397279304511,49.55261423758214,57.60708609752278,True,-0.6389434863629276
mae_pre,4502,33.2100909837666,30.252494817095723,-2.957596166670875,5,32.87166844388623,3.100910038528682,28.740552150072887,37.06443372425029,True,-0.9537832861717568
mape_pre,4502,30.873681534806472,25.672804773524426,-5.200876761282046,5,29.131850187339275,4.448868167665552,23.902350389687726,34.93134063333251,True,-1.169033687957334
r2_lock,1669,-0.4117515647167731,-0.4203187247835023,-0.008567160066729196,5,-0.4019588340081842,0.29222997173847715,-0.6710716520608124,0.07080377624639556,True,-0.02931650034307956
rmse_lock,1669,47.18928044526296,47.332247043111856,0.14296659784889698,5,46.79780016788021,5.165685805173868,38.284054701067475,51.34069530075746,True,0.027676208588935845
mae_lock,1669,34.146135786181084,29.583619185733966,-4.562516600447118,5,32.21126998616255,4.810270432763405,27.02074027575036,37.993860198465875,True,-0.9484948225303922
mape_lock,1669,45.086735250643734,37.50211562684264,-7.584619623801096,5,42.473212075262516,7.93932800807549,33.671198600297956,52.3298997050039,True,-0.9553226187514104
