scope,n_observed,r2_observed,mae_observed,n_filled,r2_filled,mae_filled
all cities,5828,0.8050962487164169,32.59808573660658,343,0.7142510989535122,48.16351767670656
cities with both kinds,2525,0.7827628367068935,40.00901166557085,343,0.7142510989535122,48.16351767670656
Ahmedabad,306,0.6151538776698355,121.3706214256536,42,0.5582228276233936,163.90092286609467
Amaravati,295,0.09831272009393288,31.99173401654777,10,-7.6203831283140495,37.39475784301758
Amritsar,329,0.6001092279106236,31.731191571360302,21,0.4042867463241413,27.20628411429269
Bengaluru,367,0.6042087028168788,9.890975848205732,0,,
Brajrajnagar,184,0.2884547186524903,26.392900508383047,67,0.40258089657388707,27.54066205380568
Chennai,367,0.30104748077954957,24.632717246905333,0,,
Delhi,367,0.9010392357906312,27.46865316697622,0,,
Gurugram,367,0.7989554412914289,37.03749568845661,0,,
Hyderabad,367,0.39389257587931037,24.79963334834543,0,,
Jaipur,367,0.27406013685667785,29.286921602503806,0,,
Jorapokhar,267,0.18751210502554783,36.18625890896115,21,0.46973980896783607,46.818394252232146
Kolkata,367,0.8049479626123119,30.19442961066555,0,,
Lucknow,367,0.8553966105988935,32.795926533213105,0,,
Mumbai,367,0.695669640517054,26.288040462566656,0,,
Patna,344,0.8908444312562728,27.520395079324413,18,0.6692739502490069,37.43978288438585
Talcher,200,0.6051053368013036,43.139266910552976,64,0.7187082427614317,47.411963164806366
Thiruvananthapuram,357,0.02086270132421686,16.63512187711999,7,-14.347466336704347,16.123069763183594
Visakhapatnam,243,0.6369102242249225,22.446864673630202,93,0.3733048776537481,21.950692453692035
