arm,lookback,city,d4_flagged,n,r2,rmse,mae,mape,common_n,common_r2,common_rmse,common_mae,common_mape
d1a,7,Ahmedabad,True,306,0.5955700121821925,155.36845749653511,127.55132074293748,61.25307081957655,306,0.5955700121821925,155.36845749653511,127.55132074293748,61.25307081957655
d1a,7,Amaravati,False,295,0.04620072684579579,35.616513459787804,26.63521207389185,51.4682599287095,295,0.04620072684579579,35.616513459787804,26.63521207389185,51.4682599287095
d1a,7,Amritsar,False,329,0.6301245141751645,40.68136978782281,25.553310336312986,25.240960435648546,329,0.6301245141751645,40.68136978782281,25.553310336312986,25.240960435648546
d1a,7,Bengaluru,False,367,0.5796926555414312,12.892498805719987,9.271835119263027,11.786322200165902,367,0.5796926555414312,12.892498805719987,9.271835119263027,11.786322200165902
d1a,7,Brajrajnagar,True,184,0.5301139075203143,27.861391104148307,18.266417461892832,19.1994808541688,184,0.5301139075203143,27.861391104148307,18.266417461892832,19.1994808541688
d1a,7,Chennai,False,367,0.44069451873042254,26.863055928179072,18.191791045893115,20.246449808755525,367,0.44069451873042254,26.863055928179072,18.191791045893115,20.246449808755525
d1a,7,D4-flagged cities,False,1200,0.7395410265917384,85.12215976506448,53.981661761601764,38.68513036911336,1200,0.7395410265917384,85.12215976506448,53.981661761601764,38.68513036911336
d1a,7,Delhi,False,367,0.8944699587550952,38.281306027510574,29.614237626826732,20.21885278455331,367,0.8944699587550952,38.281306027510574,29.614237626826732,20.21885278455331
d1a,7,Gurugram,False,367,0.8594360017194337,38.29232592421655,29.827182135724893,25.264993048102397,367,0.8594360017194337,38.29232592421655,29.827182135724893,25.264993048102397
d1a,7,Hyderabad,False,367,0.6467033616368822,21.177536945769944,18.244467836634666,29.561839408810208,367,0.6467033616368822,21.177536945769944,18.244467836634666,29.561839408810208
d1a,7,Jaipur,False,367,0.6506874905421145,23.443583242798287,17.671170278855826,18.56703986004497,367,0.6506874905421145,23.443583242798287,17.671170278855826,18.56703986004497
d1a,7,Jorapokhar,True,267,0.4714441157759459,34.873563840196425,27.146921522161932,26.15519318772086,267,0.4714441157759459,34.873563840196425,27.146921522161932,26.15519318772086
d1a,7,Kolkata,False,367,0.8156014140059463,33.929824310064944,29.52409369029531,40.36289133558991,367,0.8156014140059463,33.929824310064944,29.52409369029531,40.36289133558991
d1a,7,Lucknow,False,367,0.8861572365127748,34.10430104880354,28.588087336568808,24.516022524874796,367,0.8861572365127748,34.10430104880354,28.588087336568808,24.516022524874796
d1a,7,Mumbai,False,367,0.7767936738190921,25.256471430476992,22.181631426070627,28.847116727328114,367,0.7767936738190921,25.256471430476992,22.181631426070627,28.847116727328114
d1a,7,Patna,False,344,0.909327457110666,31.644577435047022,23.112398746401766,15.625045363364102,344,0.909327457110666,31.644577435047022,23.112398746401766,15.625045363364102
d1a,7,Talcher,True,200,0.4536173825031554,57.68053226476473,52.087215213775636,53.61282349254648,200,0.4536173825031554,57.68053226476473,52.087215213775636,53.61282349254648
d1a,7,Thiruvananthapuram,False,357,0.28770765040989055,17.46404817560949,11.308346179353089,16.71400893651222,357,0.28770765040989055,17.46404817560949,11.308346179353089,16.71400893651222
d1a,7,Visakhapatnam,True,243,0.6731947523142713,26.861849946758444,19.426329483220606,26.50210294381803,243,0.6731947523142713,26.861849946758444,19.426329483220606,26.50210294381803
d1a,7,other cities,False,4628,0.8706737680083538,30.20965619019654,22.211579868478207,24.921927424995335,4628,0.8706737680083538,30.20965619019654,22.211579868478207,24.921927424995335
d1b,7,Ahmedabad,True,348,0.6050679627688651,159.6412216434739,126.50359507283495,59.79690435233491,306,0.6151538649904946,151.56005601226815,121.3706272519224,56.43675281801583
d1b,7,Amaravati,False,305,0.07852180563330013,34.80869668889413,32.16888074410209,63.03623484032912,295,0.0983127883107322,34.62986980500589,31.99173238978374,61.70268850356404
d1b,7,Amritsar,False,350,0.5938842466050978,42.01096828929436,31.459695635198482,37.74484937980162,329,0.6001092422385317,42.299815553940654,31.731190087890823,38.27479364663773
d1b,7,Bengaluru,False,367,0.6042087611767293,12.51084589319606,9.89097417275388,13.962055790602038,367,0.6042087611767293,12.51084589319606,9.89097417275388,13.962055790602038
d1b,7,Brajrajnagar,True,251,0.32692690740386576,34.34273967956461,26.69927574711596,28.206005513337118,184,0.2884547325173725,34.285286407622806,26.39290135199427,28.74781560552592
d1b,7,Chennai,False,367,0.3010475135660323,30.0299558920552,24.63271602481218,31.883645947824974,367,0.3010475135660323,30.0299558920552,24.63271602481218,31.883645947824974
d1b,7,D4-flagged cities,False,1487,0.7402995927251184,84.74074936630738,54.1546120550539,40.48363923541041,1200,0.7477732501319205,83.76614991047833,54.783231856981196,40.82399979859457
d1b,7,Delhi,False,367,0.9010392294164785,37.07065253427941,27.468653260144006,17.206677694529045,367,0.9010392294164785,37.07065253427941,27.468653260144006,17.206677694529045
d1b,7,Gurugram,False,367,0.7989554288795011,45.79529600658882,37.03749671205117,35.76406856560862,367,0.7989554288795011,45.79529600658882,37.03749671205117,35.76406856560862
d1b,7,Hyderabad,False,367,0.3938926284937403,27.73833993958427,24.79963156712249,42.79212928791507,367,0.3938926284937403,27.73833993958427,24.79963156712249,42.79212928791507
d1b,7,Jaipur,False,367,0.27406011090625015,33.79615165177203,29.286922574809648,33.935710413732565,367,0.27406011090625015,33.79615165177203,29.286922574809648,33.935710413732565
d1b,7,Jorapokhar,True,288,0.2624263331993728,44.41280835286573,36.96151811150209,35.213870452619176,267,0.1875121299543,43.2373749561779,36.18625807566027,34.895747748010685
d1b,7,Kolkata,False,367,0.8049479681778275,34.89619324062147,30.19442840231131,39.66205285117007,367,0.8049479681778275,34.89619324062147,30.19442840231131,39.66205285117007
d1b,7,Lucknow,False,367,0.8553966072597455,38.43666300846311,32.795926944487185,29.747459166540917,367,0.8553966072597455,38.43666300846311,32.795926944487185,29.747459166540917
d1b,7,Mumbai,False,367,0.6956696699539152,29.49117225444367,26.28803888562945,36.454037184790664,367,0.6956696699539152,29.49117225444367,26.28803888562945,36.454037184790664
d1b,7,Patna,False,362,0.8850665829777921,35.22868921009825,28.01362462062903,22.316062034819574,344,0.8908444316382463,34.72037031932608,27.52039529437329,22.24635910354209
d1b,7,Talcher,True,264,0.6628436788225363,50.79399169933445,44.17507343051363,44.349498001751584,200,0.6051053125207341,49.03672609607619,43.13926837953739,45.44593665867852
d1b,7,Thiruvananthapuram,False,364,0.016834244274373522,20.409857323116146,16.625274360237466,28.164992924703995,357,0.02086264971470675,20.475643955228247,16.635121497791257,28.112037439845743
d1b,7,Visakhapatnam,True,336,0.5937714492353142,28.03087508218575,22.309530435191327,31.13178357672132,243,0.6369102358970187,28.313816037306413,22.446863614870217,33.0172977124663
d1b,7,other cities,False,4684,0.8403479721194846,33.51218991733643,26.89449647198063,32.88725382871988,4628,0.8414175878176429,33.45260770584394,26.845670774755984,32.79172888056064
steps,7,Ahmedabad,True,355,0.6086383253144667,157.94681226982186,127.29424851108605,62.11907745738571,306,0.6075298339346786,153.05393630633745,123.11985514522378,59.23087825571095
steps,7,Amaravati,False,315,0.4008919953915824,27.766190539006345,21.957606034051803,41.050063970691774,295,0.4082732308834871,28.053271732617528,22.053463538218352,40.36603535491208
steps,7,Amritsar,False,357,0.635545933901746,39.653921450353536,24.384546659239867,23.826438597406042,329,0.6433969546435626,39.94480608868626,24.52953294562714,23.800472428134732
steps,7,Bengaluru,False,367,0.23366606321133454,17.408551621618475,13.05556111764518,15.17502057093641,367,0.23366606321133454,17.408551621618475,13.05556111764518,15.17502057093641
steps,7,Brajrajnagar,True,284,0.42100642883023454,34.31312849137991,23.383609610544124,21.40750477554916,184,0.5188469470415189,28.193443560530845,20.081310230752695,20.99270549786339
steps,7,Chennai,False,367,0.3860397947966776,28.144982944007364,18.998782830926963,20.37573180779321,367,0.3860397947966776,28.144982944007364,18.998782830926963,20.37573180779321
steps,7,D4-flagged cities,False,1607,0.7555088021809354,80.31207776825006,47.19826575933811,31.69518472428827,1200,0.7605101976711733,81.62373896779368,48.01248698234558,31.721525078986655
steps,7,Delhi,False,367,0.9059870419449058,36.13204570399125,26.05093743430821,15.107164531832371,367,0.9059870419449058,36.13204570399125,26.05093743430821,15.107164531832371
steps,7,Gurugram,False,367,0.8567554985616677,38.6557119020017,29.97774106475248,24.153065179289275,367,0.8567554985616677,38.6557119020017,29.97774106475248,24.153065179289275
steps,7,Hyderabad,False,367,0.6916562474198066,19.784417688458596,15.976146240650145,23.979512244189074,367,0.6916562474198066,19.784417688458596,15.976146240650145,23.979512244189074
steps,7,Jaipur,False,367,0.6660565927039738,22.922044957231307,16.067053262154477,15.314630210923488,367,0.6660565927039738,22.922044957231307,16.067053262154477,15.314630210923488
steps,7,Jorapokhar,True,321,0.5688383525013005,33.6916079074383,26.254245591683553,23.168184902334858,267,0.5678153333180926,31.534471211261778,24.19934872116489,21.364819067199196
steps,7,Kolkata,False,367,0.8158946308488808,33.902837242845074,28.669115757747306,37.316648032877566,367,0.8158946308488808,33.902837242845074,28.669115757747306,37.316648032877566
steps,7,Lucknow,False,367,0.8950037901290999,32.75240907708853,26.113100379299404,20.329603040948633,367,0.8950037901290999,32.75240907708853,26.113100379299404,20.329603040948633
steps,7,Mumbai,False,367,0.8033729836731988,23.705057892532782,19.373530468434016,22.645836263384542,367,0.8033729836731988,23.705057892532782,19.373530468434016,22.645836263384542
steps,7,Patna,False,362,0.8913991314924896,34.244432704346934,25.018816278784314,15.238523138767675,344,0.9037263227294202,32.607325825720054,24.050569135089255,14.867698660315149
steps,7,Talcher,True,304,0.7922490342550279,40.468359554980786,27.42632001324704,24.26672351737562,200,0.8329084599495807,31.897603337031903,24.614247150421143,23.79171782122744
steps,7,Thiruvananthapuram,False,366,0.14748565872971398,19.001742500299326,11.878380280374829,15.865897979493568,357,0.13683720717372438,19.224813552902493,12.075263026047821,16.058374825198847
steps,7,Visakhapatnam,True,343,0.5223519008412745,30.175986294492322,21.142844330812682,23.28888249379501,243,0.6058740675640408,29.499110015354244,20.00523491062745,23.110178114164217
steps,7,other cities,False,4703,0.8744008872195019,29.700329066717828,21.33270469777462,22.135626095583348,4628,0.876219744735917,29.5548090335451,21.27522368748433,22.024511834714318
d1a,14,Ahmedabad,True,258,0.5620476531388012,167.5261934260642,134.52774547606475,63.00034482335391,258,0.5620476531388012,167.5261934260642,134.52774547606475,63.00034482335391
d1a,14,Amaravati,False,281,0.6172452209289223,22.768803453197027,19.314394519846633,34.534469240815866,281,0.6172452209289223,22.768803453197027,19.314394519846633,34.534469240815866
d1a,14,Amritsar,False,301,0.6477273023083995,40.879679577507986,28.422025141921946,31.557877790609883,301,0.6477273023083995,40.879679577507986,28.422025141921946,31.557877790609883
d1a,14,Bengaluru,False,367,0.5623489015781256,13.15581088238204,9.957785063283644,13.605152768776696,367,0.5623489015781256,13.15581088238204,9.957785063283644,13.605152768776696
d1a,14,Brajrajnagar,True,115,0.40962641244586506,27.081837145414333,20.244615173339845,21.45591421274189,115,0.40962641244586506,27.081837145414333,20.244615173339845,21.45591421274189
d1a,14,Chennai,False,367,0.4324070431326019,27.06134495942826,21.679260981505184,27.258830171456832,367,0.4324070431326019,27.06134495942826,21.679260981505184,27.258830171456832
d1a,14,D4-flagged cities,False,895,0.7088833288851565,98.02091180103743,63.05647939756596,44.363170432584056,895,0.7088833288851565,98.02091180103743,63.05647939756596,44.363170432584056
d1a,14,Delhi,False,367,0.891519834003567,38.81270064165019,28.178218186713693,18.058818395156205,367,0.891519834003567,38.81270064165019,28.178218186713693,18.058818395156205
d1a,14,Gurugram,False,364,0.8567501010085639,38.8117128563364,29.725117127973956,26.335529669308976,364,0.8567501010085639,38.8117128563364,29.725117127973956,26.335529669308976
d1a,14,Hyderabad,False,367,0.6023657487403735,22.467129507601268,19.218409504487663,34.17179246131387,367,0.6023657487403735,22.467129507601268,19.218409504487663,34.17179246131387
d1a,14,Jaipur,False,367,0.6140818571649285,24.64135134192327,19.617594903431407,22.150602042573304,367,0.6140818571649285,24.64135134192327,19.617594903431407,22.150602042573304
d1a,14,Jorapokhar,True,228,0.4076327968303095,35.98334450806001,27.171530740302906,25.70042409394225,228,0.4076327968303095,35.98334450806001,27.171530740302906,25.70042409394225
d1a,14,Kolkata,False,367,0.7624559442313559,38.5101226003579,33.95324490830424,53.173327846484476,367,0.7624559442313559,38.5101226003579,33.95324490830424,53.173327846484476
d1a,14,Lucknow,False,367,0.8801907393332767,34.98659136881282,29.80243288918477,26.093731442009492,367,0.8801907393332767,34.98659136881282,29.80243288918477,26.093731442009492
d1a,14,Mumbai,False,367,0.7905670175517479,24.464816598385102,21.142169578198843,28.878888111965434,367,0.7905670175517479,24.464816598385102,21.142169578198843,28.878888111965434
d1a,14,Patna,False,329,0.9099602998029979,31.56239961010268,24.87139820690213,18.693041202308915,329,0.9099602998029979,31.56239961010268,24.87139820690213,18.693041202308915
d1a,14,Talcher,True,117,-0.30338507545538174,86.10232855544793,82.7541991665832,82.76959324321905,117,-0.30338507545538174,86.10232855544793,82.7541991665832,82.76959324321905
d1a,14,Thiruvananthapuram,False,343,0.16144230455589859,19.078961791920932,13.610176887178561,21.64456671016324,343,0.16144230455589859,19.078961791920932,13.610176887178561,21.64456671016324
d1a,14,Visakhapatnam,True,177,0.6063429746885771,25.101044857195223,19.897794755838685,30.733216584161816,177,0.6063429746885771,25.101044857195223,19.897794755838685,30.733216584161816
d1a,14,other cities,False,4554,0.8710941003427987,30.20931481995169,23.06012809009577,27.30520122472555,4554,0.8710941003427987,30.20931481995169,23.06012809009577,27.30520122472555
d1b,14,Ahmedabad,True,341,0.6083706632995847,159.81273635563855,129.1147637688869,62.62799764527851,258,0.6240073041808855,155.2240446515759,123.17665635338125,53.95955255678208
d1b,14,Amaravati,False,298,0.59057593356809,23.403722483054015,20.54649455435324,38.63897007023056,281,0.6001988251771608,23.27029720882628,20.37125365505015,36.65043412671892
d1b,14,Amritsar,False,343,0.6894786141361093,36.8800892845152,23.747567402030565,24.65898352867877,301,0.7021595666792109,37.588917418973935,24.0057992776763,25.22458402213213
d1b,14,Bengaluru,False,367,0.691523952877831,11.044964744320291,8.172998142502289,10.783359852149419,367,0.691523952877831,11.044964744320291,8.172998142502289,10.783359852149419
d1b,14,Brajrajnagar,True,222,0.49900202744024047,29.96985112522763,22.52804778502868,22.12426783598824,115,0.5477606232184251,23.70275619253711,18.260411602517834,18.19396875816683
d1b,14,Chennai,False,367,0.5389539143460218,24.389508480278888,17.6705422258507,20.947465306721078,367,0.5389539143460218,24.389508480278888,17.6705422258507,20.947465306721078
d1b,14,D4-flagged cities,False,1377,0.7231868941273503,89.60449016264353,59.02141510098415,41.29262864098744,895,0.7494269241122715,90.93946646012016,59.05845932347815,38.95542357699372
d1b,14,Delhi,False,367,0.8680113833645138,42.81213937474351,32.427256903791296,19.849291249492506,367,0.8680113833645138,42.81213937474351,32.427256903791296,19.849291249492506
d1b,14,Gurugram,False,367,0.8330139191833448,41.73638517190148,31.146475165676357,24.83375589069318,364,0.8395519604255989,41.07549964945707,30.776144237308714,24.669201829582743
d1b,14,Hyderabad,False,367,0.7385415342787862,18.21826645652566,15.648024026314634,26.45972664343474,367,0.7385415342787862,18.21826645652566,15.648024026314634,26.45972664343474
d1b,14,Jaipur,False,367,0.6029736262489565,24.993472611686464,18.083124571340285,18.352371585188358,367,0.6029736262489565,24.993472611686464,18.083124571340285,18.352371585188358
d1b,14,Jorapokhar,True,262,0.35756027056502826,42.00659570602608,32.973084515287674,27.268040176822172,228,0.27128906443626777,39.9101782557249,31.514062680696185,27.1572193057449
d1b,14,Kolkata,False,367,0.8202970926117452,33.49502986841716,28.474257175539105,39.050726034001734,367,0.8202970926117452,33.49502986841716,28.474257175539105,39.050726034001734
d1b,14,Lucknow,False,367,0.8582463988184937,38.05603071330901,30.398169379793007,25.394393161837748,367,0.8582463988184937,38.05603071330901,30.398169379793007,25.394393161837748
d1b,14,Mumbai,False,367,0.7527562926158609,26.581656973100277,22.172532406424956,27.188216035471836,367,0.7527562926158609,26.581656973100277,22.172532406424956,27.188216035471836
d1b,14,Patna,False,362,0.8685498311522074,37.675055520040445,29.140391544742478,19.684724659404594,329,0.8735929793551,37.397157348222734,29.27297430995025,19.891377758904063
d1b,14,Talcher,True,223,0.22635321904998773,80.0243344122912,73.24884637054306,62.978472738812705,117,0.05091259346767174,73.473652551334,68.90003915118356,64.40114551397798
d1b,14,Thiruvananthapuram,False,357,0.22081584074535576,18.172205897660703,11.37331946023038,16.927135266253984,343,0.2210482173380517,18.38838345842659,11.465621948242188,17.00359971495985
d1b,14,Visakhapatnam,True,329,0.6019214327905074,27.945148811693283,22.096312027209436,28.58294539491698,177,0.5556826039794687,26.667325087683075,21.080709317309708,28.951712473023484
d1b,14,other cities,False,4663,0.8663935867855004,30.683616144386338,22.263851220582705,23.86031894951152,4554,0.8679587280658634,30.57449746921067,22.22756155279576,23.77093457022699
steps,14,Ahmedabad,True,355,0.6162351161950199,156.40633321419065,118.1632304446798,52.16854467347962,258,0.6118875509129496,157.70594973887623,115.38140665098678,46.531037078038615
steps,14,Amaravati,False,315,-0.0559466305693157,36.86249467746567,29.07252197265625,56.2067653425646,281,-0.02535435048655854,37.26635239389208,29.028130894453923,53.41102158275716
steps,14,Amritsar,False,357,0.5295877041645903,45.05096255634305,33.16164071219308,39.437417516842636,301,0.5442690455177382,46.49671323035456,33.990066135444515,39.33463564418675
steps,14,Bengaluru,False,367,0.07869919051156793,19.087732354485716,16.12423024190544,23.903868106400665,367,0.07869919051156793,19.087732354485716,16.12423024190544,23.903868106400665
steps,14,Brajrajnagar,True,284,0.03334044975979855,44.33637877784018,29.42939736809529,28.00953868561719,115,0.3095568638935686,29.28725176863511,22.927466616423235,23.916824071269264
steps,14,Chennai,False,367,0.3387727063539049,29.208298908803656,21.958594132509155,26.81223977671739,367,0.3387727063539049,29.208298908803656,21.958594132509155,26.81223977671739
steps,14,D4-flagged cities,False,1607,0.7379760973267994,83.14185368648543,51.891882183689766,39.218832031253264,895,0.752787033592045,90.32767311873415,53.98484627920822,37.07935370794106
steps,14,Delhi,False,367,0.864347204146143,43.402332193345366,32.06859561597943,19.345075246803308,367,0.864347204146143,43.402332193345366,32.06859561597943,19.345075246803308
steps,14,Gurugram,False,367,0.8042151246211423,45.19228132478024,35.126211036453455,27.336691515938398,364,0.805286192367436,45.249524746312275,35.11466294592554,27.395064721572552
steps,14,Hyderabad,False,367,0.17043090435799402,32.451290923082816,28.88762041138693,49.53654068629073,367,0.17043090435799402,32.451290923082816,28.88762041138693,49.53654068629073
steps,14,Jaipur,False,367,0.48468667094803874,28.47427079740716,22.520869605872548,25.261805097426105,367,0.48468667094803874,28.47427079740716,22.520869605872548,25.261805097426105
steps,14,Jorapokhar,True,321,0.5011313517211056,36.24055017296216,29.31979078964281,28.451639854361403,228,0.47331511802477566,33.929811768170545,26.664335719326086,26.091137893780818
steps,14,Kolkata,False,367,0.7025060685538795,43.09648729170197,38.018704240263645,56.23351963878787,367,0.7025060685538795,43.09648729170197,38.018704240263645,56.23351963878787
steps,14,Lucknow,False,367,0.8514036031011412,38.96373473628467,33.119852227151235,28.093714071118136,367,0.8514036031011412,38.96373473628467,33.119852227151235,28.093714071118136
steps,14,Mumbai,False,367,0.5813392273258287,34.58999992156966,30.91702957569091,41.23305992573655,367,0.5813392273258287,34.58999992156966,30.91702957569091,41.23305992573655
steps,14,Patna,False,362,0.8852669023451801,35.19797564317036,27.084797558863517,19.180908810436943,329,0.9046437869100574,32.48085791481965,25.880436882784302,19.13148107940879
steps,14,Talcher,True,304,0.5458442416697438,59.833786418135624,50.98591946300707,52.7769365257617,117,0.44413180005678765,56.229528215743244,50.525401840862045,54.32701267076714
steps,14,Thiruvananthapuram,False,366,0.11235987580138951,19.389251523457723,15.082674068179939,25.072732627276554,343,0.12504286837767487,19.48864530793767,14.987353811458666,24.56185946841396
steps,14,Visakhapatnam,True,343,0.45564715677324175,32.214225523393615,23.82794941271012,33.15730504764397,177,0.4543638619623086,29.551828641155392,22.149351885089768,34.60756673455105
steps,14,other cities,False,4703,0.8187018314259201,35.683273100850315,27.914036164556492,33.421441405340744,4554,0.821226279340887,35.575934546044,27.863826337905635,33.11002984204763
d1a,21,Ahmedabad,True,223,0.5521517392270365,176.0304774518302,145.319857302268,69.79522825905592,223,0.5521517392270365,176.0304774518302,145.319857302268,69.79522825905592
d1a,21,Amaravati,False,270,0.4698887912408959,27.13889090175287,15.71461435953776,22.165563119552875,270,0.4698887912408959,27.13889090175287,15.71461435953776,22.165563119552875
d1a,21,Amritsar,False,273,0.6663009366507009,41.3364204679605,26.945439307244268,28.025762512831733,273,0.6663009366507009,41.3364204679605,26.945439307244268,28.025762512831733
d1a,21,Bengaluru,False,367,0.42261759748041905,15.110727787094145,11.60150972828878,13.894629391123484,367,0.42261759748041905,15.110727787094145,11.60150972828878,13.894629391123484
d1a,21,Brajrajnagar,True,73,0.4904269316439762,24.484966043933447,16.14902914386906,15.830038281262679,73,0.4904269316439762,24.484966043933447,16.14902914386906,15.830038281262679
d1a,21,Chennai,False,367,0.46988077144635365,26.152767756665018,17.756618416601697,18.83706785887149,367,0.46988077144635365,26.152767756665018,17.756618416601697,18.83706785887149
d1a,21,D4-flagged cities,False,670,0.6978765609862488,107.05495708993845,67.98474942677056,43.38500437034553,670,0.6978765609862488,107.05495708993845,67.98474942677056,43.38500437034553
d1a,21,Delhi,False,367,0.8785884084181921,41.06092873486933,32.43554947356762,22.43513720274101,367,0.8785884084181921,41.06092873486933,32.43554947356762,22.43513720274101
d1a,21,Gurugram,False,357,0.8648849264582934,37.79777390027811,28.343028562743456,21.517264882878763,357,0.8648849264582934,37.79777390027811,28.343028562743456,21.517264882878763
d1a,21,Hyderabad,False,367,0.7831608671493133,16.5910749954297,13.621059407330339,22.035177642115205,367,0.7831608671493133,16.5910749954297,13.621059407330339,22.035177642115205
d1a,21,Jaipur,False,367,0.7383541241770482,20.28961796535838,13.740083543741086,12.703848457763273,367,0.7383541241770482,20.28961796535838,13.740083543741086,12.703848457763273
d1a,21,Jorapokhar,True,193,0.44783573347959793,32.21331967675297,24.932071705556286,22.482878613703893,193,0.44783573347959793,32.21331967675297,24.932071705556286,22.482878613703893
d1a,21,Kolkata,False,367,0.8557432491587198,30.010338268259105,26.117077237578762,36.21240763623381,367,0.8557432491587198,30.010338268259105,26.117077237578762,36.21240763623381
d1a,21,Lucknow,False,367,0.8775243830973033,35.37376255954218,29.320281535468244,24.93095822248133,367,0.8775243830973033,35.37376255954218,29.320281535468244,24.93095822248133
d1a,21,Mumbai,False,367,0.8778028678846664,18.68744521292971,13.803039924974987,13.982576736308323,367,0.8778028678846664,18.68744521292971,13.803039924974987,13.982576736308323
d1a,21,Patna,False,308,0.8956749443443535,33.20139943141575,24.62297702145267,16.256455115001547,308,0.8956749443443535,33.20139943141575,24.62297702145267,16.256455115001547
d1a,21,Talcher,True,60,-0.3483500174347389,88.87012049585405,86.00565611521402,88.90876203598623,60,-0.3483500174347389,88.87012049585405,86.00565611521402,88.90876203598623
d1a,21,Thiruvananthapuram,False,329,0.355413015442954,16.443216953650957,10.263802653025712,14.905203883081922,329,0.355413015442954,16.443216953650957,10.263802653025712,14.905203883081922
d1a,21,Visakhapatnam,True,121,0.6349914786074343,20.4812168986346,16.46566614828819,22.101677167155646,121,0.6349914786074343,20.4812168986346,16.46566614828819,22.101677167155646
d1a,21,other cities,False,4473,0.8820278226872097,28.86730053156385,20.301637708807643,20.521992126002147,4473,0.8820278226872097,28.86730053156385,20.301637708807643,20.521992126002147
d1b,21,Ahmedabad,True,334,0.6165146315229753,158.14420685443943,126.98091879290735,60.11614053878955,223,0.6453953883013681,156.63709159093017,122.27962589691573,53.617952854299624
d1b,21,Amaravati,False,291,0.3093046233061205,30.647463308439036,23.11845726983244,42.3139852555778,270,0.31381710427842224,30.876534174606387,23.076492210670754,39.952718799335734
d1b,21,Amritsar,False,336,0.5938531957451949,42.48259463449623,27.62407437960307,27.60628464968777,273,0.6042003324002627,45.018714005883574,29.378636719979646,29.31381205644553
d1b,21,Bengaluru,False,367,0.4419126317216586,14.85609632984961,10.634568903036923,12.831143323948607,367,0.4419126317216586,14.85609632984961,10.634568903036923,12.831143323948607
d1b,21,Brajrajnagar,True,197,0.28390438988249644,34.88918001860509,21.94513284131355,20.18688239404415,73,0.4964500021929028,24.339831750802734,17.10882641517953,14.945634285735604
d1b,21,Chennai,False,367,0.4630520323034554,26.32067241390454,18.329094484001804,20.67528308409709,367,0.4630520323034554,26.32067241390454,18.329094484001804,20.67528308409709
d1b,21,D4-flagged cities,False,1279,0.7255549780977044,90.7632141734058,58.21179053073194,39.97086999639548,670,0.7571943319612106,95.97187557667009,59.316245019257956,37.26536089844103
d1b,21,Delhi,False,367,0.8952444724155686,38.14056886914619,28.29948712174834,16.89343312581084,367,0.8952444724155686,38.14056886914619,28.29948712174834,16.89343312581084
d1b,21,Gurugram,False,367,0.8271481081135675,42.46310664350792,32.80852926394595,26.984487933375963,357,0.828643873269898,42.56612737928159,32.70361456350118,26.729816388865785
d1b,21,Hyderabad,False,367,0.5495336169795304,23.913155542515586,20.550076435307393,33.39460859128513,367,0.5495336169795304,23.913155542515586,20.550076435307393,33.39460859128513
d1b,21,Jaipur,False,367,0.578094557401766,25.764664220875456,19.67110435839245,21.516733323445685,367,0.578094557401766,25.764664220875456,19.67110435839245,21.516733323445685
d1b,21,Jorapokhar,True,235,0.6141724490240634,32.98740557839333,23.858503658213515,20.18131882141078,193,0.49141353809591104,30.916030802515387,22.123264451101036,20.906672570384305
d1b,21,Kolkata,False,367,0.7831367953684766,36.795588489087066,31.643296701706724,44.63816601961727,367,0.7831367953684766,36.795588489087066,31.643296701706724,44.63816601961727
d1b,21,Lucknow,False,367,0.8672393277549548,36.82910457158909,29.24576311865035,20.833205020679163,367,0.8672393277549548,36.82910457158909,29.24576311865035,20.833205020679163
d1b,21,Mumbai,False,367,0.6921096472617405,29.663163551235726,26.044723500347917,34.254393039775856,367,0.6921096472617405,29.663163551235726,26.044723500347917,34.254393039775856
d1b,21,Patna,False,362,0.8868388137048655,34.9560275252691,26.024566987601432,17.977935592914395,308,0.8927337100443209,33.66616959599857,25.555537211430536,18.119592151951917
d1b,21,Talcher,True,191,0.20564808461612827,85.76631292886094,79.89949756642287,76.81717650151863,60,-0.1456056539207755,81.91661929532417,78.04325300852457,82.44514882745982
d1b,21,Thiruvananthapuram,False,350,0.2410934220758234,18.018266028533066,11.408496453421456,16.060608015066926,329,0.27425921672089015,17.447643764619166,11.227434001795064,16.025085715617042
d1b,21,Visakhapatnam,True,322,0.5557117544944947,29.62817259469523,21.27487468127138,23.76535813349635,121,0.5007737403060724,23.95261675815807,18.778496198417727,24.28314278393568
d1b,21,other cities,False,4642,0.8554883018491493,31.946926255293814,23.512538856496487,25.60753560149585,4473,0.8560895371013955,31.883248287850847,23.51276334339997,25.583300503088008
steps,21,Ahmedabad,True,355,0.5605752114030216,167.3647505745996,136.5816219276106,65.20859317426722,223,0.6017749927973903,165.99181946568308,133.30684442905033,61.030621046305
steps,21,Amaravati,False,315,0.1392348008993327,33.281744980705604,30.26911889939081,59.675533003090045,270,0.21350030143557752,33.056577104790186,30.192385765358253,56.38151696756331
steps,21,Amritsar,False,357,0.611934873360245,40.9182499021132,28.16284940489868,32.19312219311982,273,0.6170341288055758,44.28283417154973,30.547546344799,33.87306722654459
steps,21,Bengaluru,False,367,0.5118033528786881,13.89475861915476,10.297144419490804,13.72712023609698,367,0.5118033528786881,13.89475861915476,10.297144419490804,13.72712023609698
steps,21,Brajrajnagar,True,284,0.4365275003437201,33.85008848801965,24.42007091683401,23.95965869249669,73,0.539620478431853,23.273101911520435,16.08507861829784,15.881924567987083
steps,21,Chennai,False,367,0.4191414780578413,27.37575221003845,20.74446231727704,25.418058049318887,367,0.4191414780578413,27.37575221003845,20.74446231727704,25.418058049318887
steps,21,D4-flagged cities,False,1607,0.7009822414571608,88.81733512568358,58.82198476168259,45.10534022143386,670,0.7301603741063553,101.17365392842689,65.64837802488412,44.436869284854104
steps,21,Delhi,False,367,0.8666946105276682,43.0251651584763,31.556826204305125,20.149952907006195,367,0.8666946105276682,43.0251651584763,31.556826204305125,20.149952907006195
steps,21,Gurugram,False,367,0.8175103024943712,43.63086984879425,34.18819537669501,29.53520129195714,357,0.8222851645133572,43.34870858218155,33.74240460649592,28.883333702528528
steps,21,Hyderabad,False,367,0.5513313508919406,23.86539119315466,20.6368581787442,35.160606444733276,367,0.5513313508919406,23.86539119315466,20.6368581787442,35.160606444733276
steps,21,Jaipur,False,367,0.6007962166839618,25.06191468328852,19.905631759186207,22.207180680576418,367,0.6007962166839618,25.06191468328852,19.905631759186207,22.207180680576418
steps,21,Jorapokhar,True,321,0.16515258292486634,46.88190283313598,39.84017078007493,38.741621065281535,193,0.014716866003967821,43.03104152614785,36.19310377051793,35.99064689212999
steps,21,Kolkata,False,367,0.8298819216876954,32.589526587170404,27.51063751719628,35.62957586826811,367,0.8298819216876954,32.589526587170404,27.51063751719628,35.62957586826811
steps,21,Lucknow,False,367,0.8589214735692625,37.965305239601996,32.04854181481967,27.039766959085558,367,0.8589214735692625,37.965305239601996,32.04854181481967,27.039766959085558
steps,21,Mumbai,False,367,0.7253655649706531,28.015406013646786,24.849365826848416,33.64628936484038,367,0.7253655649706531,28.015406013646786,24.849365826848416,33.64628936484038
steps,21,Patna,False,362,0.8824363534962515,35.629510103874026,28.35750801128577,21.440287411044615,308,0.8909640974625368,33.942735380052945,27.29769785992511,21.337559642036698
steps,21,Talcher,True,304,0.43359359387177987,66.82025868900278,58.758994365993296,59.230150986872964,60,0.36515829826392543,60.97996489700249,55.99685179392497,60.68364285615111
steps,21,Thiruvananthapuram,False,366,0.2653213576095701,17.639703832134707,12.354346197159565,19.392881748779867,329,0.2848209914863188,17.320219851398143,12.17586824596834,19.053385390580967
steps,21,Visakhapatnam,True,343,0.4728979695700959,31.699673674845098,24.646427054446917,35.243912035992835,121,0.3255669002071916,27.840286055887454,22.625587557958177,36.49818192159529
steps,21,other cities,False,4703,0.8519434287029853,32.2464432380162,24.612745220550142,28.524869911345903,4473,0.8535764436582629,32.16043034888811,24.543185583942293,28.12103001705402
d1a,30,Ahmedabad,True,178,0.4349513151512179,149.20606004978077,121.40898629520716,62.389959193130984,178,0.4349513151512179,149.20606004978077,121.40898629520716,62.389959193130984
d1a,30,Amaravati,False,261,0.5975851978738358,23.418663407073396,19.17208058441279,32.70517735868908,261,0.5975851978738358,23.418663407073396,19.17208058441279,32.70517735868908
d1a,30,Amritsar,False,243,0.6261153761348495,45.81753954216712,34.37554978735653,40.473198608311066,243,0.6261153761348495,45.81753954216712,34.37554978735653,40.473198608311066
d1a,30,Bengaluru,False,367,0.639078365240413,11.947032323302476,8.893786583674377,11.60480811180981,367,0.639078365240413,11.947032323302476,8.893786583674377,11.60480811180981
d1a,30,Brajrajnagar,True,48,0.3538925132466725,15.826343785891343,13.018479824066162,13.769428923947737,48,0.3538925132466725,15.826343785891343,13.018479824066162,13.769428923947737
d1a,30,Chennai,False,367,0.5240677374682314,24.780122486333372,17.462614729878688,19.72688341401751,367,0.5240677374682314,24.780122486333372,17.462614729878688,19.72688341401751
d1a,30,D4-flagged cities,False,471,0.6270957467725282,98.58318796231823,64.67453452027274,44.137146137014646,471,0.6270957467725282,98.58318796231823,64.67453452027274,44.137146137014646
d1a,30,Delhi,False,367,0.8772159838786033,41.29235065266134,33.80403447995719,23.44717281906801,367,0.8772159838786033,41.29235065266134,33.80403447995719,23.44717281906801
d1a,30,Gurugram,False,348,0.8640084642085482,38.18291877659144,28.79534164516405,21.749685231006726,348,0.8640084642085482,38.18291877659144,28.79534164516405,21.749685231006726
d1a,30,Hyderabad,False,367,0.6883501535112615,19.890198641310732,17.123967578690447,28.98197886855395,367,0.6883501535112615,19.890198641310732,17.123967578690447,28.98197886855395
d1a,30,Jaipur,False,367,0.7181858026158032,21.057089417756284,14.418929814642716,13.827464850570411,367,0.7181858026158032,21.057089417756284,14.418929814642716,13.827464850570411
d1a,30,Jorapokhar,True,153,0.36882574681318037,34.18368172764258,26.187038109972587,23.02902500448604,153,0.36882574681318037,34.18368172764258,26.187038109972587,23.02902500448604
d1a,30,Kolkata,False,367,0.7912950463331774,36.096840973523996,31.73163738302704,45.36089761732247,367,0.7912950463331774,36.096840973523996,31.73163738302704,45.36089761732247
d1a,30,Lucknow,False,367,0.8765638628833746,35.51220221347335,29.615997387213017,24.805650045420176,367,0.8765638628833746,35.51220221347335,29.615997387213017,24.805650045420176
d1a,30,Mumbai,False,367,0.8137941197501677,23.06832711360927,19.11247495604471,23.23768538730946,367,0.8137941197501677,23.06832711360927,19.11247495604471,23.23768538730946
d1a,30,Patna,False,281,0.9087235341963771,30.801571564128608,23.403593857517446,16.268371992759665,281,0.9087235341963771,30.801571564128608,23.403593857517446,16.268371992759665
d1a,30,Talcher,True,27,-30.871176247291707,122.37127412468017,121.23688620108145,143.8880730270317,27,-30.871176247291707,122.37127412468017,121.23688620108145,143.8880730270317
d1a,30,Thiruvananthapuram,False,311,0.24964156727377296,17.97147895498184,13.095743203853104,21.480076622574757,311,0.24964156727377296,17.97147895498184,13.095743203853104,21.480076622574757
d1a,30,Visakhapatnam,True,65,0.4954889683922268,17.383187961111638,14.553944749098557,24.828180129090324,65,0.4954889683922268,17.383187961111638,14.553944749098557,24.828180129090324
d1a,30,other cities,False,4380,0.8746633296441579,29.745494184405967,22.194319653619914,24.49449953453843,4380,0.8746633296441579,29.745494184405967,22.194319653619914,24.49449953453843
d1b,30,Ahmedabad,True,325,0.47793886653505047,177.4844247357613,147.67887516902044,79.80769302469646,178,0.39287674579808873,154.6614087696482,131.17595681179776,70.33101498234241
d1b,30,Amaravati,False,282,0.31684272159886195,30.17740989001096,26.433832141524512,49.62611022395287,261,0.34754780431930643,29.819441413579884,26.145710634545804,46.28719925228892
d1b,30,Amritsar,False,327,0.6219260754765863,41.41454438928936,27.335716562533598,28.847139836248825,243,0.6273197472456064,45.74368567742349,30.782453654724875,32.08830826655965
d1b,30,Bengaluru,False,367,0.48043300761757046,14.334230600207558,10.218874835188448,13.099709227509408,367,0.48043300761757046,14.334230600207558,10.218874835188448,13.099709227509408
d1b,30,Brajrajnagar,True,163,0.44451428943450444,29.249913479086167,23.099260037662063,22.135467900434964,48,-0.12339655606547018,20.868671515571414,18.958388169606526,18.696898122544315
d1b,30,Chennai,False,367,0.3727574628427289,28.44779632648774,20.910586177815535,25.23883394530277,367,0.3727574628427289,28.44779632648774,20.910586177815535,25.23883394530277
d1b,30,D4-flagged cities,False,1177,0.641837191301746,102.55269019026647,66.69786891110792,46.7652348082205,471,0.6162852532836554,100.00194265845325,67.2957708516698,45.9863333912146
d1b,30,Delhi,False,367,0.885233252273407,39.92148882580867,29.107469522335872,17.219402699003535,367,0.885233252273407,39.92148882580867,29.107469522335872,17.219402699003535
d1b,30,Gurugram,False,367,0.7983513752238661,45.864042162371604,35.63631408026173,30.84454686185774,348,0.8053043476015976,45.68686045580277,35.1007892784031,30.118011375204702
d1b,30,Hyderabad,False,367,0.5797059185561084,23.09842312719761,19.509425607624106,30.684641265174562,367,0.5797059185561084,23.09842312719761,19.509425607624106,30.684641265174562
d1b,30,Jaipur,False,367,0.6518996562527475,23.402871554738546,17.09585206450169,17.634989826613854,367,0.6518996562527475,23.402871554738546,17.09585206450169,17.634989826613854
d1b,30,Jorapokhar,True,208,0.5662076343788792,35.5861256826316,26.139449413006123,20.147119777643248,153,0.3505782477046151,34.67429344196134,25.71930415334265,22.002300559436122
d1b,30,Kolkata,False,367,0.8179888818444687,33.70945852196392,28.44694097035587,39.08853291202622,367,0.8179888818444687,33.70945852196392,28.44694097035587,39.08853291202622
d1b,30,Lucknow,False,367,0.8186019079102888,43.04996433536769,35.26131136735714,28.63501912257379,367,0.8186019079102888,43.04996433536769,35.26131136735714,28.63501912257379
d1b,30,Mumbai,False,367,0.7924247197296554,24.35607160646354,20.805373532245856,25.630033219677586,367,0.7924247197296554,24.35607160646354,20.805373532245856,25.630033219677586
d1b,30,Patna,False,362,0.8495118339941857,40.31108629474705,30.506014976712223,20.175852127462964,281,0.8591360186522625,38.26427051422877,29.577437621418692,19.915813006151506
d1b,30,Talcher,True,165,0.006951912081364586,94.69432940980236,89.81360038988518,79.92574371446452,27,-16.277254831522797,90.09856076023122,88.5259737085413,106.17921459896297
d1b,30,Thiruvananthapuram,False,341,0.18609581466328784,18.708750286964143,12.003724475759915,16.646229206719486,311,0.208883164961704,18.453118069480468,12.102895669231843,16.940955485237357
d1b,30,Visakhapatnam,True,316,0.5927384310285351,28.596914078493782,20.526355538187147,25.692250765322306,65,0.27154679578381913,20.887908430295507,17.103543090820313,30.923084165496594
d1b,30,other cities,False,4615,0.8480802004205945,32.80423352161351,24.087905920158875,26.02630242069456,4380,0.849505251088782,32.5943847959151,24.007327172092108,25.937968725295118
steps,30,Ahmedabad,True,355,0.5387674856405511,171.46744474518974,134.48361201756438,62.51794505871617,178,0.5022073780022085,140.04504763677028,117.34965986616156,57.808985549179525
steps,30,Amaravati,False,315,0.5959606745166544,22.802137342055516,19.783660404265873,37.49172611884763,261,0.6161304085796254,22.87267771252974,19.90784710120424,35.920145109333
steps,30,Amritsar,False,357,0.6915360371110639,36.4810188502876,23.599236795548297,25.127817838252753,243,0.6916083454547419,41.611586255191575,27.272391645015514,28.068074689709476
steps,30,Bengaluru,False,367,0.6790067869084024,11.266824652825443,8.34784696407474,10.99903511887834,367,0.6790067869084024,11.266824652825443,8.34784696407474,10.99903511887834
steps,30,Brajrajnagar,True,284,0.4296353735252031,34.0564783578935,24.104437357942825,22.92256447140241,48,0.07649862217662273,18.921128399532915,13.348374207814535,14.596928426329262
steps,30,Chennai,False,367,0.5128636301698746,25.070105192405414,18.33724146123153,21.299366715555394,367,0.5128636301698746,25.070105192405414,18.33724146123153,21.299366715555394
steps,30,D4-flagged cities,False,1607,0.6853382284340929,91.11108937892273,58.90098017732327,42.41435068848275,471,0.6814239211464431,91.11938355857478,62.493068079533344,42.33493597760999
steps,30,Delhi,False,367,0.8592091300803343,44.216660420145594,30.660777349238174,18.354024965410236,367,0.8592091300803343,44.216660420145594,30.660777349238174,18.354024965410236
steps,30,Gurugram,False,367,0.7871878537068928,47.11648695682844,36.030718665681675,32.02225170056206,348,0.7951019319495688,46.868614978363354,35.49324272418844,31.304930681655
steps,30,Hyderabad,False,367,0.7273373296637036,18.60452290138913,15.841917947462534,27.405334352845962,367,0.7273373296637036,18.60452290138913,15.841917947462534,27.405334352845962
steps,30,Jaipur,False,367,0.6684086262271112,22.84117993093219,17.459369555481125,18.869931803915065,367,0.6684086262271112,22.84117993093219,17.459369555481125,18.869931803915065
steps,30,Jorapokhar,True,321,-0.03709047633568452,52.252852001824806,44.03110018103293,39.741367937629114,153,0.039072399173369465,42.178345362179364,33.801573211071535,32.604540576441984
steps,30,Kolkata,False,367,0.8183692030866061,33.67422131365407,28.621943065840803,39.176752164024684,367,0.8183692030866061,33.67422131365407,28.621943065840803,39.176752164024684
steps,30,Lucknow,False,367,0.8325354343185373,41.36355928950006,34.22494472534845,30.14333344841394,367,0.8325354343185373,41.36355928950006,34.22494472534845,30.14333344841394
steps,30,Mumbai,False,367,0.7938270976235697,24.273657404200396,19.971546505712357,25.465214121254238,367,0.7938270976235697,24.273657404200396,19.971546505712357,25.465214121254238
steps,30,Patna,False,362,0.8608951773619173,38.756488410816225,29.41764755670537,21.36360881827746,281,0.8617098245020166,37.9130848252761,29.45865172253809,21.362496647175806
steps,30,Talcher,True,304,0.38942159207038796,69.3768848618516,61.984805521212124,57.2872664671224,27,-6.643193972155174,59.92636357543096,57.694221072726776,70.22931944636261
steps,30,Thiruvananthapuram,False,366,0.16610711579109638,18.793069319488932,11.388520016696283,15.401912368899955,311,0.1817968308922604,18.76635925225228,11.547392375982843,15.495819634292587
steps,30,Visakhapatnam,True,343,0.6426759495766861,26.099883634278815,20.66813012392806,27.066106812492997,65,0.14693817191373104,22.60395221241435,18.090599646935097,31.76025415367895
steps,30,other cities,False,4703,0.8576988719393757,31.613468449910854,22.615205548607033,24.72083472387256,4380,0.857413055139509,31.72648776639716,22.763876377610856,24.71930266708036
