arm,lookback,seed,n,r2,rmse,mae,mape,n_pre,r2_pre,rmse_pre,mae_pre,mape_pre,n_lock,r2_lock,rmse_lock,mae_lock,mape_lock,common_n,common_r2,common_rmse,common_mae,common_mape,common_n_pre,common_r2_pre,common_rmse_pre,common_mae_pre,common_mape_pre,common_n_lock,common_r2_lock,common_rmse_lock,common_mae_lock,common_mape_lock
d1a,7,7,5828,0.7915448983396665,49.95664028470469,32.81950605790549,33.842272849573256,4225,0.8173684197143212,52.29189623584471,33.34035791147644,30.199178932103145,1603,-0.22525086094322044,43.20100363671076,31.44670563286668,43.444313898426174,5828,0.7915448983396665,49.95664028470469,32.81950605790549,33.842272849573256,4225,0.8173684197143212,52.29189623584471,33.34035791147644,30.199178932103145,1603,-0.22525086094322044,43.20100363671076,31.44670563286668,43.444313898426174
d1a,7,42,5828,0.8138032166592023,47.21424464783556,31.419699781128003,33.09149976186712,4225,0.834895196670182,49.719448914643,32.01103074491498,29.7424619015798,1603,-0.043276053477590226,39.864006751899936,29.86113875679864,41.918502232056724,5828,0.8138032166592023,47.21424464783556,31.419699781128003,33.09149976186712,4225,0.834895196670182,49.719448914643,32.01103074491498,29.7424619015798,1603,-0.043276053477590226,39.864006751899936,29.86113875679864,41.918502232056724
d1a,7,123,5828,0.8148513162058573,47.081172434536754,28.753120409272352,27.75580586235663,4225,0.8466961489506564,47.909647931194094,29.10929819321491,24.819964753533696,1603,-0.3190575131123228,44.82426743073739,27.814348645605897,35.49375264013385,5828,0.8148513162058573,47.081172434536754,28.753120409272352,27.75580586235663,4225,0.8466961489506564,47.909647931194094,29.10929819321491,24.819964753533696,1603,-0.3190575131123228,44.82426743073739,27.814348645605897,35.49375264013385
d1a,7,2024,5828,0.7823386163287747,51.04787308559265,35.96873070154959,40.86795548503422,4225,0.8269432146984284,50.902694053379136,35.012541014439144,35.81089394418579,1603,-0.7363848788558489,51.42855544544825,38.488943694713434,54.19676709456924,5828,0.7823386163287747,51.04787308559265,35.96873070154959,40.86795548503422,4225,0.8269432146984284,50.902694053379136,35.012541014439144,35.81089394418579,1603,-0.7363848788558489,51.42855544544825,38.488943694713434,54.19676709456924
d1a,7,2025,5828,0.8146041570245901,47.11258728217419,28.180918097051965,26.34862190302269,4225,0.843405533707899,48.4211007198031,29.00436738089333,24.360894495909946,1603,-0.24086910755762103,43.47547287939089,26.01056674070151,31.587641425824536,5828,0.8146041570245901,47.11258728217419,28.180918097051965,26.34862190302269,4225,0.843405533707899,48.4211007198031,29.00436738089333,24.360894495909946,1603,-0.24086910755762103,43.47547287939089,26.01056674070151,31.587641425824536
d1b,7,7,6171,0.7806591196394956,52.731165278397384,34.14802617527618,34.752594985142416,4502,0.8210219958513271,53.237419487251884,34.017480141741316,30.474111132042164,1669,-0.6710716520608124,51.34069530075746,34.50016412792685,46.29347833245056,5828,0.7866255150691279,50.54267249366067,33.406597435908594,34.591004768689444,4225,0.8244553500383206,51.267277028835814,33.518704545202404,30.53287397152282,1603,-0.5494295855964213,48.58108951361096,33.11111862320345,45.286951504827286
d1b,7,42,6171,0.7546854863451566,55.76596209677807,37.31580510416697,39.63693050379427,4502,0.7904356114765627,57.60708609752278,37.06443372425029,34.93134063333251,1669,-0.6146048048821002,50.46581952975867,37.993860198465875,52.3298997050039,5828,0.7623536778594717,53.33993815163526,36.280122163786245,39.360122818555695,4225,0.7948525919078461,55.42165229932096,36.276918967953776,34.8631936119839,1603,-0.4760851657821856,47.41732347217641,36.288564772889295,51.2126031041239
d1b,7,123,6171,0.7962587155537405,50.8214553333534,33.463252244469686,34.71772297468468,4502,0.8285637172552631,52.1036966329693,33.210091125300224,30.873680728959002,1669,-0.41175158946659085,47.189280177705164,34.14613502367935,45.08673327441926,5828,0.8050962446293668,48.3055534836274,32.59808554803503,34.445593860251904,4225,0.8361107746793178,49.53608198102199,32.50942549154416,30.776515114713483,1603,-0.3235765432509903,44.90098405328816,32.83176536005868,44.11612268115013
d1b,7,2024,6171,0.8130663639099729,48.68008236495327,30.16144870226582,28.0490131741685,4502,0.829187624121005,52.008799905503686,31.32578507806642,25.47776805267495,1669,0.07080377624639556,38.284054701067475,27.02074027575036,34.984750464140916,5828,0.8182517364187045,46.6468255612333,29.30533286845029,27.691606080503583,4225,0.8327275124958686,50.044771412772235,30.608757031443446,25.254634029286716,1603,0.14000264140224505,36.19344202918162,25.86991983747956,34.11469211692984
d1b,7,2025,6171,0.8121448415588943,48.79992338095766,28.376757792684657,26.54441936773156,4502,0.8449403458207273,49.55261423758214,28.740552150072887,23.902350389687726,1669,-0.383169899877813,46.7091511301123,27.395450304990337,33.671198600297956,5828,0.8270527049395124,45.50339976940219,27.20320054008014,26.011472769109865,4225,0.8550325178382155,46.58882423020497,27.780277380366098,23.64085741957942,1603,-0.1863674625688332,42.50998402741904,25.682208868085013,32.259663568714444
steps,7,7,6310,0.7789472458961688,52.79683883768036,34.84441466988708,34.93765787893844,4606,0.8186107730191878,53.435925774370325,34.98991322623013,30.99522251912412,1704,-0.635979414775433,51.0293120125582,34.45112455808187,45.594264256464704,5828,0.7865240266254759,50.55469100509034,33.78918138574431,34.42445234271688,4225,0.8234051739854927,51.42039871089914,34.17414314107992,30.789312085667888,1603,-0.5251223850746005,48.198517014430266,32.77454419529331,44.00553006326087
steps,7,42,6310,0.7832922460078817,52.27537786813181,32.58870011736344,30.655906188550023,4606,0.8030022875023424,55.68755938914544,34.06813515079146,28.83498861092716,1704,-0.09124757284166485,41.67661529556494,28.58971081925929,35.57794043886159,5828,0.7968071048672359,49.32206125151669,31.03069252421453,29.63391018907332,4225,0.8120507146827928,53.04772842155498,32.79517673058215,28.16085604909459,1603,0.06288830136318035,37.78130962755391,26.38007133151136,33.51641408265418
steps,7,123,6310,0.8175975561716166,47.95956951447847,27.920019535481835,24.570207825587918,4606,0.848008670819065,48.91442956102604,28.557728433215612,22.173636095430563,1704,-0.2879834131139112,45.27786464938564,26.196259451584076,31.048264978818395,5828,0.8274798205838195,45.44717633040235,26.78049409823133,24.021151486932368,4225,0.8555431578006307,46.506698015402335,27.575223996314776,21.87910043488564,1603,-0.18739162038589652,42.5283295352133,24.685837941398788,29.66691923172179
steps,7,2024,6310,0.8158847350160969,48.18422231144477,29.565414280586833,27.41611385901254,4606,0.8431524564351086,49.689709032613955,30.40700925079084,25.138534303030756,1704,-0.20841152467573165,43.8569297348255,27.29053961347436,33.57252902031072,5828,0.8216256103010144,46.211834482601866,28.502863377215252,26.80069706109989,4225,0.8463608975105273,47.96200532494193,29.598023900818962,24.831339247239043,1603,-0.11679170137963313,41.2446305043664,25.616367299719517,31.99130015752038
steps,7,2025,6310,0.7779444554788506,52.916457920682326,35.273286023333526,37.05375992515158,4606,0.8213014112884738,53.038123989034354,34.60735741593508,32.55424821332315,1704,-0.7373273113953993,52.58617946675415,37.073325439810795,49.21617245137326,5828,0.7869658648266276,50.50234655794224,34.19862365200156,36.50946125973589,4225,0.826544457583232,50.96130525521119,33.828232330444806,32.30677096038924,1603,-0.5938271399853519,49.272198090874035,35.17485779646648,47.586421031875375
d1a,14,123,5449,0.8056600932720549,48.38223626691462,29.62954163756977,30.106978145451073,3936,0.8424544398649454,48.768215208915485,29.769759564864927,26.882871212020326,1513,-0.5066160978445917,47.36339712888952,29.264771140653885,38.49434423268399,5449,0.8056600932720549,48.38223626691462,29.62954163756977,30.106978145451073,3936,0.8424544398649454,48.768215208915485,29.769759564864927,26.882871212020326,1513,-0.5066160978445917,47.36339712888952,29.264771140653885,38.49434423268399
d1b,14,123,6040,0.7995945716933333,50.56964514769087,30.643845502588132,27.834539221889383,4407,0.8297698550329835,52.06824102175831,31.214625618045012,25.151730656957007,1633,-0.3585882814057937,46.28382531234934,29.103473200800956,35.07467231782142,5449,0.8223668344424031,46.25588244662079,28.27704834023579,26.264991766236573,3936,0.8428626149410205,48.704998955938656,29.398195547786184,24.110933276186707,1513,-0.030642605049840066,39.173789789805426,25.360435379946065,31.868675980933393
steps,14,123,6310,0.7851349578820507,52.05264843598082,34.02059694946096,34.8978925520668,4606,0.8122183573661093,54.36935158100567,34.28468250451893,30.875127713038452,1704,-0.2835609210694998,45.200063499317885,33.30676005591809,45.771633660379315,5449,0.8009231988226999,48.96832736247178,32.15421225228732,33.761992561808064,3936,0.8205427835293233,52.04922185426218,32.88792839476733,30.01088981386264,1513,-0.0666914327444681,39.85299330966809,30.245483411043903,43.52031405282803
d1a,21,123,5143,0.8121354937506482,47.09354746984327,26.5135149888067,23.50045181950984,3681,0.8451158958627549,48.03537796903786,27.37457948273791,21.38060639327301,1462,-0.34229494919855763,44.634297961053996,24.34554070552299,28.83776441456987,5143,0.8121354937506482,47.09354746984327,26.5135149888067,23.50045181950984,3681,0.8451158958627549,48.03537796903786,27.37457948273791,21.38060639327301,1462,-0.34229494919855763,44.634297961053996,24.34554070552299,28.83776441456987
d1b,21,123,5921,0.79762573927648,50.79008543629791,31.00795228182112,28.71017108385974,4314,0.8266966650507624,52.50788843985746,31.863792193063055,25.967700036334442,1607,-0.3646806797546416,45.86152208510299,28.710445513247553,36.0723491168555,5143,0.8234682149629813,45.65102097840638,28.17703180982518,27.105171097077218,3681,0.8428520453717917,48.385157009132016,29.74864201751684,25.102047110050396,1462,0.03201461554130847,37.90348392300131,24.220056998256783,32.14860433664338
steps,21,123,6310,0.7792234617540292,52.76384180028108,33.32498736676248,32.74750315830491,4606,0.8124941730783094,54.32940776166184,33.741833918311,29.45152205995744,1704,-0.46436081208111624,48.27862035671497,32.19822961064012,41.65671028212441,5143,0.8108437233659349,47.255179473331495,29.898129961821162,30.24656225688021,3681,0.834448780017417,49.661974321579486,30.923698487472222,27.441339998100133,1462,-0.10885709866613702,40.567899421488576,27.315970082941853,37.30950557737916
d1a,30,123,4851,0.8137427327621755,41.74329712563851,26.31886741741985,26.40167054046841,3446,0.8423628937215246,42.8715530331345,27.08702481879236,24.185575216761944,1405,0.011348113691315609,38.83752564282523,24.434831541882716,31.837018928719278,4851,0.8137427327621755,41.74329712563851,26.31886741741985,26.40167054046841,3446,0.8423628937215246,42.8715530331345,27.08702481879236,24.185575216761944,1405,0.011348113691315609,38.83752564282523,24.434831541882716,31.837018928719278
d1b,30,123,5792,0.756621157178186,54.723148367298656,32.74673299894807,30.24068837030057,4221,0.8055078538300986,54.556929466602575,33.099266343251195,26.98066457261634,1571,-1.0066492401745606,55.167268792035586,31.799538061772086,38.99979750462594,4851,0.7936781632978522,43.93420140317331,28.210348605421544,27.884532270470974,3446,0.8271257608348885,44.89573976592928,29.64659288686441,26.106365773039542,1405,-0.12784980541419766,41.48160147050401,24.687716723676253,32.24578618516757
steps,30,123,6310,0.7732774480529535,53.46964620483773,31.85628951506456,29.226933005192464,4606,0.8003654433247291,56.05901292376154,32.86801381759213,26.89280434263393,1704,-0.31456247291287354,45.74266011530681,29.121546476659642,35.53620332194398,4851,0.8166846659553145,41.41231761600826,26.621317996164862,26.429664095499128,3446,0.8392683119789788,43.29031480565824,27.81004454047612,24.698172586078694,1405,0.13163831968442685,36.39822501111795,23.705765204921736,30.676439712198643
