city,channel,n_days,n_days_undefined,n_days_short,median_d,p5_d,p25_d,p75_d,p95_d,min_d,max_d
Ahmedabad,IMF1,1197,0,0,3.62,3.28,3.45,3.79,4.04,3.15,4.55
Ahmedabad,IMF2,1197,0,0,7.35,6.39,7.07,7.66,8.18,5.60,9.10
Ahmedabad,IMF3,1197,0,0,16.55,14.27,15.17,18.35,20.22,13.24,26.96
Ahmedabad,IMF4,1197,0,0,36.40,31.65,34.67,40.22,45.50,28.00,66.18
Ahmedabad,IMF5+ (slow),1132,65,0,182.00,145.60,182.00,242.67,323.45,104.00,364.00
Amaravati,IMF1,710,0,0,3.29,3.17,3.24,3.35,3.45,3.03,3.66
Amaravati,IMF2,710,0,0,7.35,6.80,7.10,7.64,8.00,6.22,8.47
Amaravati,IMF3,710,0,0,16.93,15.17,16.18,17.33,18.67,14.27,21.41
Amaravati,IMF4,710,0,0,38.32,33.09,34.67,45.50,63.00,30.33,73.14
Amaravati,IMF5+ (slow),540,170,0,242.67,145.60,182.00,364.00,364.00,121.33,364.00
Amritsar,IMF1,979,0,0,3.70,3.48,3.60,3.79,3.91,3.35,4.21
Amritsar,IMF2,979,0,0,7.35,6.56,6.97,7.91,8.88,6.07,10.76
Amritsar,IMF3,979,0,0,16.18,14.27,15.17,17.33,20.00,13.24,24.00
Amritsar,IMF4,979,0,0,38.32,34.67,36.40,40.44,48.53,31.65,66.18
Amritsar,IMF5+ (slow),903,76,0,182.00,136.73,145.60,242.67,354.90,84.40,364.00
Bengaluru,IMF1,1744,0,0,3.48,3.10,3.40,3.57,3.68,2.82,3.85
Bengaluru,IMF2,1744,0,0,7.51,7.00,7.28,7.74,8.09,6.62,8.67
Bengaluru,IMF3,1744,0,0,16.46,14.56,15.49,17.33,18.67,13.48,20.22
Bengaluru,IMF4,1744,0,0,36.40,30.33,34.67,38.32,45.50,28.00,60.67
Bengaluru,IMF5+ (slow),1655,89,0,172.67,91.00,121.33,182.00,364.00,80.89,364.00
Brajrajnagar,IMF1,570,0,0,3.55,3.37,3.47,3.64,3.79,3.21,4.21
Brajrajnagar,IMF2,570,0,0,6.93,6.28,6.64,7.21,7.66,5.92,8.27
Brajrajnagar,IMF3,570,0,0,17.15,15.49,16.55,17.76,19.22,14.56,20.27
Brajrajnagar,IMF4,570,0,0,36.40,31.65,34.67,40.44,47.31,29.12,72.00
Brajrajnagar,IMF5+ (slow),501,69,0,361.00,242.67,242.67,364.00,364.00,182.00,364.00
Chennai,IMF1,1720,0,0,3.47,3.25,3.37,3.57,3.71,3.12,4.00
Chennai,IMF2,1720,0,0,7.74,6.84,7.28,8.18,8.67,6.44,9.33
Chennai,IMF3,1720,0,0,16.47,14.00,15.17,17.44,22.75,13.00,29.12
Chennai,IMF4,1720,0,0,36.40,31.65,34.67,40.44,45.50,26.96,56.00
Chennai,IMF5+ (slow),1654,66,0,145.60,104.00,136.83,182.00,242.67,80.89,364.00
Delhi,IMF1,1826,0,0,3.46,3.29,3.38,3.59,3.89,3.19,4.21
Delhi,IMF2,1826,0,0,7.54,7.00,7.35,7.83,8.27,6.50,8.99
Delhi,IMF3,1826,0,0,16.18,14.86,15.49,16.55,17.76,14.00,19.68
Delhi,IMF4,1826,0,0,40.44,34.67,38.32,42.82,48.53,30.33,102.00
Delhi,IMF5+ (slow),1735,91,0,182.00,147.23,182.00,364.00,364.00,116.40,364.00
Gurugram,IMF1,1341,0,0,3.52,3.26,3.42,3.64,3.83,3.14,4.00
Gurugram,IMF2,1341,0,0,7.35,6.74,7.07,7.66,8.09,6.23,8.77
Gurugram,IMF3,1341,0,0,16.93,15.17,16.18,17.76,20.22,14.27,22.80
Gurugram,IMF4,1341,0,0,42.82,33.09,38.32,48.53,52.00,29.12,66.18
Gurugram,IMF5+ (slow),1316,25,0,182.00,145.60,182.00,242.67,288.25,121.33,364.00
Hyderabad,IMF1,1713,0,0,3.60,3.34,3.48,3.75,4.05,3.18,4.64
Hyderabad,IMF2,1713,0,0,7.51,6.80,7.21,7.74,8.09,6.17,8.62
Hyderabad,IMF3,1713,0,0,15.49,13.74,14.56,16.55,17.72,12.77,20.00
Hyderabad,IMF4,1713,0,0,34.67,28.00,31.65,36.40,42.25,24.27,53.11
Hyderabad,IMF5+ (slow),1653,60,0,182.00,101.09,145.60,242.67,364.00,82.00,364.00
Jaipur,IMF1,925,0,0,3.43,3.31,3.37,3.50,3.60,3.25,3.75
Jaipur,IMF2,925,0,0,7.43,7.00,7.21,7.62,7.91,6.65,8.27
Jaipur,IMF3,925,0,0,18.67,17.33,17.95,19.20,20.22,16.18,22.89
Jaipur,IMF4,925,0,0,38.32,31.65,34.67,42.82,52.00,26.96,60.67
Jaipur,IMF5+ (slow),850,75,0,182.00,145.60,182.00,216.50,262.55,121.33,364.00
Jorapokhar,IMF1,620,0,0,3.53,3.39,3.47,3.60,3.75,3.29,3.89
Jorapokhar,IMF2,620,0,0,7.40,6.93,7.14,7.66,8.30,6.50,8.77
Jorapokhar,IMF3,620,0,0,14.86,13.74,14.56,15.49,16.35,12.34,18.00
Jorapokhar,IMF4,620,0,0,38.32,34.67,36.40,42.00,48.54,31.65,56.00
Jorapokhar,IMF5+ (slow),558,62,0,364.00,132.43,196.17,364.00,364.00,119.33,364.00
Kolkata,IMF1,575,0,0,3.59,3.39,3.51,3.68,3.81,3.18,3.96
Kolkata,IMF2,575,0,0,6.93,6.26,6.68,7.14,7.43,5.72,8.00
Kolkata,IMF3,575,0,0,16.55,15.07,15.83,17.33,18.08,14.00,19.43
Kolkata,IMF4,575,0,0,36.40,30.33,33.09,40.44,53.34,28.00,59.14
Kolkata,IMF5+ (slow),432,143,0,364.00,300.55,364.00,364.00,364.00,186.67,364.00
Lucknow,IMF1,1729,0,0,3.45,3.12,3.31,3.57,3.70,3.00,3.98
Lucknow,IMF2,1729,0,0,7.23,6.74,7.00,7.51,7.74,6.20,8.47
Lucknow,IMF3,1729,0,0,16.93,14.86,16.18,17.33,18.20,14.00,19.16
Lucknow,IMF4,1729,0,0,38.32,33.09,36.40,42.82,47.69,28.00,60.67
Lucknow,IMF5+ (slow),1605,124,0,242.67,152.88,182.00,364.00,364.00,91.50,364.00
Mumbai,IMF1,600,0,0,3.47,3.31,3.40,3.52,3.62,3.22,3.88
Mumbai,IMF2,600,0,0,6.93,6.49,6.74,7.21,7.58,6.22,8.00
Mumbai,IMF3,600,0,0,15.17,14.00,14.56,15.83,16.43,13.24,17.48
Mumbai,IMF4,600,0,0,38.32,33.09,36.36,42.21,45.50,29.12,51.43
Mumbai,IMF5+ (slow),383,217,0,364.00,343.10,364.00,364.00,364.00,324.00,364.00
Patna,IMF1,1336,0,0,3.48,3.35,3.42,3.53,3.68,3.24,4.00
Patna,IMF2,1336,0,0,7.00,6.44,6.74,7.28,7.66,6.12,8.26
Patna,IMF3,1336,0,0,15.83,14.27,15.17,17.33,18.20,13.32,20.22
Patna,IMF4,1336,0,0,38.32,33.09,35.06,40.44,45.50,29.12,56.00
Patna,IMF5+ (slow),1225,111,0,364.00,182.00,242.67,364.00,364.00,145.60,364.00
Talcher,IMF1,550,0,0,3.53,3.37,3.48,3.60,3.71,3.25,3.81
Talcher,IMF2,550,0,0,6.93,6.44,6.74,7.14,7.42,5.95,7.58
Talcher,IMF3,550,0,0,17.11,15.84,16.55,17.75,18.23,15.00,20.11
Talcher,IMF4,550,0,0,40.44,34.67,36.40,42.82,50.00,30.33,65.71
Talcher,IMF5+ (slow),515,35,0,325.00,227.80,242.67,364.00,364.00,213.00,364.00
Thiruvananthapuram,IMF1,885,0,0,3.24,3.06,3.14,3.32,3.43,2.95,3.53
Thiruvananthapuram,IMF2,885,0,0,7.54,6.93,7.28,7.83,8.37,6.50,9.33
Thiruvananthapuram,IMF3,885,0,0,15.49,14.27,14.86,16.18,17.33,13.48,18.83
Thiruvananthapuram,IMF4,885,0,0,40.44,36.40,38.32,42.82,48.53,33.50,64.86
Thiruvananthapuram,IMF5+ (slow),778,107,0,364.00,182.00,242.67,364.00,364.00,121.33,364.00
Visakhapatnam,IMF1,1050,0,0,3.60,3.34,3.48,3.70,3.83,3.17,4.11
Visakhapatnam,IMF2,1050,0,0,7.54,7.01,7.28,7.81,8.18,6.65,8.99
Visakhapatnam,IMF3,1050,0,0,18.67,16.93,17.76,19.16,20.22,15.83,23.25
Visakhapatnam,IMF4,1050,0,0,42.82,38.32,40.44,45.50,48.53,33.09,56.00
Visakhapatnam,IMF5+ (slow),956,94,0,242.67,148.88,182.00,364.00,364.00,109.20,364.00
